No,Name,Gen,Type1,Type2,Total,HP,Attack,Defense,SPAttack,SPDefense,Speed,Ability1,Ability2,HiddenAbility,Height,Weight,Category
1,Bulbasaur,1,Grass,Poison,318,45,49,49,65,65,45,Overgrow,,Chlorophyll,0.7,6.9,Ordinary
2,Ivysaur,1,Grass,Poison,405,60,62,63,80,80,60,Overgrow,,Chlorophyll,1,13,Ordinary
3,Venusaur,1,Grass,Poison,525,80,82,83,100,100,80,Overgrow,,Chlorophyll,2,100,Ordinary
4,Charmander,1,Fire,,309,39,52,43,60,50,65,Blaze,,Solar Power,0.6,8.5,Ordinary
5,Charmeleon,1,Fire,,405,58,64,58,80,65,80,Blaze,,Solar Power,1.1,19,Ordinary
6,Charizard,1,Fire,Flying,534,78,84,78,109,85,100,Blaze,,Solar Power,1.7,90.5,Ordinary
7,Squirtle,1,Water,,314,44,48,65,50,64,43,Torrent,,Rain Dish,0.5,9,Ordinary
8,Wartortle,1,Water,,405,59,63,80,65,80,58,Torrent,,Rain Dish,1,22.5,Ordinary
9,Blastoise,1,Water,,530,79,83,100,85,105,78,Torrent,,Rain Dish,1.6,85.5,Ordinary
10,Caterpie,1,Bug,,195,45,30,35,20,20,45,Shield Dust,,Run Away,0.3,2.9,Ordinary
11,Metapod,1,Bug,,205,50,20,55,25,25,30,Shed Skin,,,0.7,9.9,Ordinary
12,Butterfree,1,Bug,Flying,395,60,45,50,90,80,70,Compound Eyes,,Tinted Lens,1.1,32,Ordinary
13,Weedle,1,Bug,Poison,195,40,35,30,20,20,50,Shield Dust,,Run Away,0.3,3.2,Ordinary
14,Kakuna,1,Bug,Poison,205,45,25,50,25,25,35,Shed Skin,,,0.6,10,Ordinary
15,Beedrill,1,Bug,Poison,395,65,90,40,45,80,75,Swarm,,Sniper,1,29.5,Ordinary
16,Pidgey,1,Normal,Flying,251,40,45,40,35,35,56,Keen Eye,Tangled Feet,Big Pecks,0.3,1.8,Ordinary
17,Pidgeotto,1,Normal,Flying,349,63,60,55,50,50,71,Keen Eye,Tangled Feet,Big Pecks,1.1,30,Ordinary
18,Pidgeot,1,Normal,Flying,479,83,80,75,70,70,101,Keen Eye,Tangled Feet,Big Pecks,1.5,39.5,Ordinary
19,Rattata,1,Normal,,253,30,56,35,25,35,72,Run Away,Guts,Hustle,0.3,3.5,Ordinary
20,Raticate,1,Normal,,413,55,81,60,50,70,97,Run Away,Guts,Hustle,0.7,18.5,Ordinary
21,Spearow,1,Normal,Flying,262,40,60,30,31,31,70,Keen Eye,,Sniper,0.3,2,Ordinary
22,Fearow,1,Normal,Flying,442,65,90,65,61,61,100,Keen Eye,,Sniper,1.2,38,Ordinary
23,Ekans,1,Poison,,288,35,60,44,40,54,55,Intimidate,Shed Skin,Unnerve,2,6.9,Ordinary
24,Arbok,1,Poison,,448,60,95,69,65,79,80,Intimidate,Shed Skin,Unnerve,3.5,65,Ordinary
25,Pikachu,1,Electric,,320,35,55,40,50,50,90,Static,,Lightning Rod,0.4,6,Ordinary
26,Raichu,1,Electric,,485,60,90,55,90,80,110,Static,,Lightning Rod,0.8,30,Ordinary
27,Sandshrew,1,Ground,,300,50,75,85,20,30,40,Sand Veil,,Sand Rush,0.6,12,Ordinary
28,Sandslash,1,Ground,,450,75,100,110,45,55,65,Sand Veil,,Sand Rush,1,29.5,Ordinary
29,Nidoran F,1,Poison,,275,55,47,52,40,40,41,Poison Point,Rivalry,Hustle,0.4,7,Ordinary
30,Nidorina,1,Poison,,365,70,62,67,55,55,56,Poison Point,Rivalry,Hustle,0.8,20,Ordinary
31,Nidoqueen,1,Poison,Ground,505,90,92,87,75,85,76,Poison Point,Rivalry,Sheer Force,1.3,60,Ordinary
32,Nidoran M,1,Poison,,273,46,57,40,40,40,50,Poison Point,Rivalry,Hustle,0.5,9,Ordinary
33,Nidorino,1,Poison,,365,61,72,57,55,55,65,Poison Point,Rivalry,Hustle,0.9,19.5,Ordinary
34,Nidoking,1,Poison,Ground,505,81,102,77,85,75,85,Poison Point,Rivalry,Sheer Force,1.4,62,Ordinary
35,Clefairy,1,Fairy,,323,70,45,48,60,65,35,Cute Charm,Magic Guard,Friend Guard,0.6,7.5,Ordinary
36,Clefable,1,Fairy,,483,95,70,73,95,90,60,Cute Charm,Magic Guard,Unaware,1.3,40,Ordinary
37,Vulpix,1,Fire,,299,38,41,40,50,65,65,Flash Fire,,Drought,0.6,9.9,Ordinary
38,Ninetales,1,Fire,,505,73,76,75,81,100,100,Flash Fire,,Drought,1.1,19.9,Ordinary
39,Jigglypuff,1,Normal,Fairy,270,115,45,20,45,25,20,Cute Charm,Competitive,Friend Guard,0.5,5.5,Ordinary
40,Wigglytuff,1,Normal,Fairy,435,140,70,45,85,50,45,Cute Charm,Competitive,Frisk,1,12,Ordinary
41,Zubat,1,Poison,Flying,245,40,45,35,30,40,55,Inner Focus,,Infiltrator,0.8,7.5,Ordinary
42,Golbat,1,Poison,Flying,455,75,80,70,65,75,90,Inner Focus,,Infiltrator,1.6,55,Ordinary
43,Oddish,1,Grass,Poison,320,45,50,55,75,65,30,Chlorophyll,,Run Away,0.5,5.4,Ordinary
44,Gloom,1,Grass,Poison,395,60,65,70,85,75,40,Chlorophyll,,Stench,0.8,8.6,Ordinary
45,Vileplume,1,Grass,Poison,490,75,80,85,110,90,50,Chlorophyll,,Effect Spore,1.2,18.6,Ordinary
46,Paras,1,Bug,Grass,285,35,70,55,45,55,25,Effect Spore,Dry Skin,Damp,0.3,5.4,Ordinary
47,Parasect,1,Bug,Grass,405,60,95,80,60,80,30,Effect Spore,Dry Skin,Damp,1,29.5,Ordinary
48,Venonat,1,Bug,Poison,305,60,55,50,40,55,45,Compound Eyes,Tinted Lens,Run Away,1,30,Ordinary
49,Venomoth,1,Bug,Poison,450,70,65,60,90,75,90,Shield Dust,Tinted Lens,Wonder Skin,1.5,12.5,Ordinary
50,Diglett,1,Ground,,265,10,55,25,35,45,95,Sand Veil,Arena Trap,Sand Force,0.2,0.8,Ordinary
51,Dugtrio,1,Ground,,425,35,100,50,50,70,120,Sand Veil,Arena Trap,Sand Force,0.7,33.3,Ordinary
52,Meowth,1,Normal,,290,40,45,35,40,40,90,Pickup,Technician,Unnerve,0.4,4.2,Ordinary
53,Persian,1,Normal,,440,65,70,60,65,65,115,Limber,Technician,Unnerve,1,32,Ordinary
54,Psyduck,1,Water,,320,50,52,48,65,50,55,Damp,Cloud Nine,Swift Swim,0.8,19.6,Ordinary
55,Golduck,1,Water,,500,80,82,78,95,80,85,Damp,Cloud Nine,Swift Swim,1.7,76.6,Ordinary
56,Mankey,1,Fighting,,305,40,80,35,35,45,70,Vital Spirit,Anger Point,Defiant,0.5,28,Ordinary
57,Primeape,1,Fighting,,455,65,105,60,60,70,95,Vital Spirit,Anger Point,Defiant,1,32,Ordinary
58,Growlithe,1,Fire,,350,55,70,45,70,50,60,Intimidate,Flash Fire,Justified,0.7,19,Ordinary
59,Arcanine,1,Fire,,555,90,110,80,100,80,95,Intimidate,Flash Fire,Justified,1.9,155,Ordinary
60,Poliwag,1,Water,,300,40,50,40,40,40,90,Water Absorb,Damp,Swift Swim,0.6,12.4,Ordinary
61,Poliwhirl,1,Water,,385,65,65,65,50,50,90,Water Absorb,Damp,Swift Swim,1,20,Ordinary
62,Poliwrath,1,Water,Fighting,510,90,95,95,70,90,70,Water Absorb,Damp,Swift Swim,1.3,54,Ordinary
63,Abra,1,Psychic,,310,25,20,15,105,55,90,Synchronize,Inner Focus,Magic Guard,0.9,19.5,Ordinary
64,Kadabra,1,Psychic,,400,40,35,30,120,70,105,Synchronize,Inner Focus,Magic Guard,1.3,56.5,Ordinary
65,Alakazam,1,Psychic,,500,55,50,45,135,95,120,Synchronize,Inner Focus,Magic Guard,1.5,48,Ordinary
66,Machop,1,Fighting,,305,70,80,50,35,35,35,Guts,No Guard,Steadfast,0.8,19.5,Ordinary
67,Machoke,1,Fighting,,405,80,100,70,50,60,45,Guts,No Guard,Steadfast,1.5,70.5,Ordinary
68,Machamp,1,Fighting,,505,90,130,80,65,85,55,Guts,No Guard,Steadfast,1.6,130,Ordinary
69,Bellsprout,1,Grass,Poison,300,50,75,35,70,30,40,Chlorophyll,,Gluttony,0.7,4,Ordinary
70,Weepinbell,1,Grass,Poison,390,65,90,50,85,45,55,Chlorophyll,,Gluttony,1,6.4,Ordinary
71,Victreebel,1,Grass,Poison,490,80,105,65,100,70,70,Chlorophyll,,Gluttony,1.7,15.5,Ordinary
72,Tentacool,1,Water,Poison,335,40,40,35,50,100,70,Clear Body,Liquid Ooze,Rain Dish,0.9,45.5,Ordinary
73,Tentacruel,1,Water,Poison,515,80,70,65,80,120,100,Clear Body,Liquid Ooze,Rain Dish,1.6,55,Ordinary
74,Geodude,1,Rock,Ground,300,40,80,100,30,30,20,Rock Head,Sturdy,Sand Veil,0.4,20,Ordinary
75,Graveler,1,Rock,Ground,390,55,95,115,45,45,35,Rock Head,Sturdy,Sand Veil,1,105,Ordinary
76,Golem,1,Rock,Ground,495,80,120,130,55,65,45,Rock Head,Sturdy,Sand Veil,1.4,300,Ordinary
77,Ponyta,1,Fire,,410,50,85,55,65,65,90,Run Away,Flash Fire,Flame Body,1,30,Ordinary
78,Rapidash,1,Fire,,500,65,100,70,80,80,105,Run Away,Flash Fire,Flame Body,1.7,95,Ordinary
79,Slowpoke,1,Water,Psychic,315,90,65,65,40,40,15,Oblivious,Own Tempo,Regenerator,1.2,36,Ordinary
80,Slowbro,1,Water,Psychic,490,95,75,110,100,80,30,Oblivious,Own Tempo,Regenerator,1.6,78.5,Ordinary
81,Magnemite,1,Electric,Steel,325,25,35,70,95,55,45,Magnet Pull,Sturdy,Analytic,0.3,6,Ordinary
82,Magneton,1,Electric,Steel,465,50,60,95,120,70,70,Magnet Pull,Sturdy,Analytic,1,60,Ordinary
83,Farfetch'd,1,Normal,Flying,377,52,90,55,58,62,60,Keen Eye,Inner Focus,Defiant,0.8,15,Ordinary
84,Doduo,1,Normal,Flying,310,35,85,45,35,35,75,Run Away,Early Bird,Tangled Feet,1.4,39.2,Ordinary
85,Dodrio,1,Normal,Flying,470,60,110,70,60,60,110,Run Away,Early Bird,Tangled Feet,1.8,85.2,Ordinary
86,Seel,1,Water,,325,65,45,55,45,70,45,Thick Fat,Hydration,Ice Body,1.1,90,Ordinary
87,Dewgong,1,Water,Ice,475,90,70,80,70,95,70,Thick Fat,Hydration,Ice Body,1.7,120,Ordinary
88,Grimer,1,Poison,,325,80,80,50,40,50,25,Stench,Sticky Hold,Poison Touch,0.9,30,Ordinary
89,Muk,1,Poison,,500,105,105,75,65,100,50,Stench,Sticky Hold,Poison Touch,1.2,30,Ordinary
90,Shellder,1,Water,,305,30,65,100,45,25,40,Shell Armor,Skill Link,Overcoat,0.3,4,Ordinary
91,Cloyster,1,Water,Ice,525,50,95,180,85,45,70,Shell Armor,Skill Link,Overcoat,1.5,132.5,Ordinary
92,Gastly,1,Ghost,Poison,310,30,35,30,100,35,80,Levitate,,,1.3,0.1,Ordinary
93,Haunter,1,Ghost,Poison,405,45,50,45,115,55,95,Levitate,,,1.6,0.1,Ordinary
94,Gengar,1,Ghost,Poison,500,60,65,60,130,75,110,Cursed Body,,,1.5,40.5,Ordinary
95,Onix,1,Rock,Ground,385,35,45,160,30,45,70,Rock Head,Sturdy,Weak Armor,8.8,210,Ordinary
96,Drowzee,1,Psychic,,328,60,48,45,43,90,42,Insomnia,Forewarn,Inner Focus,1,32.4,Ordinary
97,Hypno,1,Psychic,,483,85,73,70,73,115,67,Insomnia,Forewarn,Inner Focus,1.6,75.6,Ordinary
98,Krabby,1,Water,,325,30,105,90,25,25,50,Hyper Cutter,Shell Armor,Sheer Force,0.4,6.5,Ordinary
99,Kingler,1,Water,,475,55,130,115,50,50,75,Hyper Cutter,Shell Armor,Sheer Force,1.3,60,Ordinary
100,Voltorb,1,Electric,,330,40,30,50,55,55,100,Soundproof,Static,Aftermath,0.5,10.4,Ordinary
101,Electrode,1,Electric,,490,60,50,70,80,80,150,Soundproof,Static,Aftermath,1.2,66.6,Ordinary
102,Exeggcute,1,Grass,Psychic,325,60,40,80,60,45,40,Chlorophyll,,Harvest,0.4,2.5,Ordinary
103,Exeggutor,1,Grass,Psychic,530,95,95,85,125,75,55,Chlorophyll,,Harvest,2,120,Ordinary
104,Cubone,1,Ground,,320,50,50,95,40,50,35,Rock Head,Lightning Rod,Battle Armor,0.4,6.5,Ordinary
105,Marowak,1,Ground,,425,60,80,110,50,80,45,Rock Head,Lightning Rod,Battle Armor,1,45,Ordinary
106,Hitmonlee,1,Fighting,,455,50,120,53,35,110,87,Limber,Reckless,Unburden,1.5,49.8,Ordinary
107,Hitmonchan,1,Fighting,,455,50,105,79,35,110,76,Keen Eye,Iron Fist,Inner Focus,1.4,50.2,Ordinary
108,Lickitung,1,Normal,,385,90,55,75,60,75,30,Own Tempo,Oblivious,Cloud Nine,1.2,65.5,Ordinary
109,Koffing,1,Poison,,340,40,65,95,60,45,35,Levitate,Neutralizing Gas,Stench,0.6,1,Ordinary
110,Weezing,1,Poison,,490,65,90,120,85,70,60,Levitate,Neutralizing Gas,Stench,1.2,9.5,Ordinary
111,Rhyhorn,1,Ground,Rock,345,80,85,95,30,30,25,Lightning Rod,Rock Head,Reckless,1,115,Ordinary
112,Rhydon,1,Ground,Rock,485,105,130,120,45,45,40,Lightning Rod,Rock Head,Reckless,1.9,120,Ordinary
113,Chansey,1,Normal,,450,250,5,5,35,105,50,Natural Cure,Serene Grace,Healer,1.1,34.6,Ordinary
114,Tangela,1,Grass,,435,65,55,115,100,40,60,Chlorophyll,Leaf Guard,Regenerator,1,35,Ordinary
115,Kangaskhan,1,Normal,,490,105,95,80,40,80,90,Early Bird,Scrappy,Inner Focus,2.2,80,Ordinary
116,Horsea,1,Water,,295,30,40,70,70,25,60,Swift Swim,Sniper,Damp,0.4,8,Ordinary
117,Seadra,1,Water,,440,55,65,95,95,45,85,Poison Point,Sniper,Damp,1.2,25,Ordinary
118,Goldeen,1,Water,,320,45,67,60,35,50,63,Swift Swim,Water Veil,Lightning Rod,0.6,15,Ordinary
119,Seaking,1,Water,,450,80,92,65,65,80,68,Swift Swim,Water Veil,Lightning Rod,1.3,39,Ordinary
120,Staryu,1,Water,,340,30,45,55,70,55,85,Illuminate,Natural Cure,Analytic,0.8,34.5,Ordinary
121,Starmie,1,Water,Psychic,520,60,75,85,100,85,115,Illuminate,Natural Cure,Analytic,1.1,80,Ordinary
122,Mr. Mime,1,Psychic,Fairy,460,40,45,65,100,120,90,Soundproof,Filter,Technician,1.3,54.5,Ordinary
123,Scyther,1,Bug,Flying,500,70,110,80,55,80,105,Swarm,Technician,Steadfast,1.5,56,Ordinary
124,Jynx,1,Ice,Psychic,455,65,50,35,115,95,95,Oblivious,Forewarn,Dry Skin,1.4,40.6,Ordinary
125,Electabuzz,1,Electric,,490,65,83,57,95,85,105,Static,,Vital Spirit,1.1,30,Ordinary
126,Magmar,1,Fire,,495,65,95,57,100,85,93,Flame Body,,Vital Spirit,1.3,44.5,Ordinary
127,Pinsir,1,Bug,,500,65,125,100,55,70,85,Hyper Cutter,Mold Breaker,Moxie,1.5,55,Ordinary
128,Tauros,1,Normal,,490,75,100,95,40,70,110,Intimidate,Anger Point,Sheer Force,1.4,88.4,Ordinary
129,Magikarp,1,Water,,200,20,10,55,15,20,80,Swift Swim,,Rattled,0.9,10,Ordinary
130,Gyarados,1,Water,Flying,540,95,125,79,60,100,81,Intimidate,,Moxie,6.5,235,Ordinary
131,Lapras,1,Water,Ice,535,130,85,80,85,95,60,Water Absorb,Shell Armor,Hydration,2.5,220,Ordinary
132,Ditto,1,Normal,,288,48,48,48,48,48,48,Limber,,Imposter,0.3,4,Ordinary
133,Eevee,1,Normal,,325,55,55,50,45,65,55,Run Away,Adaptability,Anticipation,0.3,6.5,Ordinary
134,Vaporeon,1,Water,,525,130,65,60,110,95,65,Water Absorb,,Hydration,1,29,Ordinary
135,Jolteon,1,Electric,,525,65,65,60,110,95,130,Volt Absorb,,Quick Feet,0.8,24.5,Ordinary
136,Flareon,1,Fire,,525,65,130,60,95,110,65,Flash Fire,,Guts,0.9,25,Ordinary
137,Porygon,1,Normal,,395,65,60,70,85,75,40,Trace,Download,Analytic,0.8,36.5,Ordinary
138,Omanyte,1,Rock,Water,355,35,40,100,90,55,35,Swift Swim,Shell Armor,Weak Armor,0.4,7.5,Ordinary
139,Omastar,1,Rock,Water,495,70,60,125,115,70,55,Swift Swim,Shell Armor,Weak Armor,1,35,Ordinary
140,Kabuto,1,Rock,Water,355,30,80,90,55,45,55,Swift Swim,Battle Armor,Weak Armor,0.5,11.5,Ordinary
141,Kabutops,1,Rock,Water,495,60,115,105,65,70,80,Swift Swim,Battle Armor,Weak Armor,1.3,40.5,Ordinary
142,Aerodactyl,1,Rock,Flying,515,80,105,65,60,75,130,Rock Head,Pressure,Unnerve,1.8,59,Ordinary
143,Snorlax,1,Normal,,540,160,110,65,65,110,30,Immunity,Thick Fat,Gluttony,2.1,460,Ordinary
144,Articuno,1,Ice,Flying,580,90,85,100,95,125,85,Pressure,,Snow Cloak,1.7,55.4,Semi-Legendary
145,Zapdos,1,Electric,Flying,580,90,90,85,125,90,100,Pressure,,Static,1.6,52.6,Semi-Legendary
146,Moltres,1,Fire,Flying,580,90,100,90,125,85,90,Pressure,,Flame Body,2,60,Semi-Legendary
147,Dratini,1,Dragon,,300,41,64,45,50,50,50,Shed Skin,,Marvel Scale,1.8,3.3,Ordinary
148,Dragonair,1,Dragon,,420,61,84,65,70,70,70,Shed Skin,,Marvel Scale,4,16.5,Ordinary
149,Dragonite,1,Dragon,Flying,600,91,134,95,100,100,80,Inner Focus,,Multiscale,2.2,210,Ordinary
150,Mewtwo,1,Psychic,,680,106,110,90,154,90,130,Pressure,,Unnerve,2,122,Legendary
151,Mew,1,Psychic,,600,100,100,100,100,100,100,Synchronize,,,0.4,4,Mythical
152,Chikorita,2,Grass,,318,45,49,65,49,65,45,Overgrow,,Leaf Guard,0.9,6.4,Ordinary
153,Bayleef,2,Grass,,405,60,62,80,63,80,60,Overgrow,,Leaf Guard,1.2,15.8,Ordinary
154,Meganium,2,Grass,,525,80,82,100,83,100,80,Overgrow,,Leaf Guard,1.8,100.5,Ordinary
155,Cyndaquil,2,Fire,,309,39,52,43,60,50,65,Blaze,,Flash Fire,0.5,7.9,Ordinary
156,Quilava,2,Fire,,405,58,64,58,80,65,80,Blaze,,Flash Fire,0.9,19,Ordinary
157,Typhlosion,2,Fire,,534,78,84,78,109,85,100,Blaze,,Flash Fire,1.7,79.5,Ordinary
158,Totodile,2,Water,,314,50,65,64,44,48,43,Torrent,,Sheer Force,0.6,9.5,Ordinary
159,Croconaw,2,Water,,405,65,80,80,59,63,58,Torrent,,Sheer Force,1.1,25,Ordinary
160,Feraligatr,2,Water,,530,85,105,100,79,83,78,Torrent,,Sheer Force,2.3,88.8,Ordinary
161,Sentret,2,Normal,,215,35,46,34,35,45,20,Run Away,Keen Eye,Frisk,0.8,6,Ordinary
162,Furret,2,Normal,,415,85,76,64,45,55,90,Run Away,Keen Eye,Frisk,1.8,32.5,Ordinary
163,Hoothoot,2,Normal,Flying,262,60,30,30,36,56,50,Insomnia,Keen Eye,Tinted Lens,0.7,21.2,Ordinary
164,Noctowl,2,Normal,Flying,452,100,50,50,86,96,70,Insomnia,Keen Eye,Tinted Lens,1.6,40.8,Ordinary
165,Ledyba,2,Bug,Flying,265,40,20,30,40,80,55,Swarm,Early Bird,Rattled,1,10.8,Ordinary
166,Ledian,2,Bug,Flying,390,55,35,50,55,110,85,Swarm,Early Bird,Iron Fist,1.4,35.6,Ordinary
167,Spinarak,2,Bug,Poison,250,40,60,40,40,40,30,Swarm,Insomnia,Sniper,0.5,8.5,Ordinary
168,Ariados,2,Bug,Poison,400,70,90,70,60,70,40,Swarm,Insomnia,Sniper,1.1,33.5,Ordinary
169,Crobat,2,Poison,Flying,535,85,90,80,70,80,130,Inner Focus,,Infiltrator,1.8,75,Ordinary
170,Chinchou,2,Water,Electric,330,75,38,38,56,56,67,Volt Absorb,Illuminate,Water Absorb,0.5,12,Ordinary
171,Lanturn,2,Water,Electric,460,125,58,58,76,76,67,Volt Absorb,Illuminate,Water Absorb,1.2,22.5,Ordinary
172,Pichu,2,Electric,,205,20,40,15,35,35,60,Static,,Lightning Rod,0.3,2,Ordinary
173,Cleffa,2,Fairy,,218,50,25,28,45,55,15,Cute Charm,Magic Guard,Friend Guard,0.3,3,Ordinary
174,Igglybuff,2,Normal,Fairy,210,90,30,15,40,20,15,Cute Charm,Competitive,Friend Guard,0.3,1,Ordinary
175,Togepi,2,Fairy,,245,35,20,65,40,65,20,Hustle,Serene Grace,Super Luck,0.3,1.5,Ordinary
176,Togetic,2,Fairy,Flying,405,55,40,85,80,105,40,Hustle,Serene Grace,Super Luck,0.6,3.2,Ordinary
177,Natu,2,Psychic,Flying,320,40,50,45,70,45,70,Synchronize,Early Bird,Magic Bounce,0.2,2,Ordinary
178,Xatu,2,Psychic,Flying,470,65,75,70,95,70,95,Synchronize,Early Bird,Magic Bounce,1.5,15,Ordinary
179,Mareep,2,Electric,,280,55,40,40,65,45,35,Static,,Plus,0.6,7.8,Ordinary
180,Flaaffy,2,Electric,,365,70,55,55,80,60,45,Static,,Plus,0.8,13.3,Ordinary
181,Ampharos,2,Electric,,510,90,75,85,115,90,55,Static,,Plus,1.4,61.5,Ordinary
182,Bellossom,2,Grass,,490,75,80,95,90,100,50,Chlorophyll,,Healer,0.4,5.8,Ordinary
183,Marill,2,Water,Fairy,250,70,20,50,20,50,40,Thick Fat,Huge Power,Sap Sipper,0.4,8.5,Ordinary
184,Azumarill,2,Water,Fairy,420,100,50,80,60,80,50,Thick Fat,Huge Power,Sap Sipper,0.8,28.5,Ordinary
185,Sudowoodo,2,Rock,,410,70,100,115,30,65,30,Sturdy,Rock Head,Rattled,1.2,38,Ordinary
186,Politoed,2,Water,,500,90,75,75,90,100,70,Water Absorb,Damp,Drizzle,1.1,33.9,Ordinary
187,Hoppip,2,Grass,Flying,250,35,35,40,35,55,50,Chlorophyll,Leaf Guard,Infiltrator,0.4,0.5,Ordinary
188,Skiploom,2,Grass,Flying,340,55,45,50,45,65,80,Chlorophyll,Leaf Guard,Infiltrator,0.6,1,Ordinary
189,Jumpluff,2,Grass,Flying,460,75,55,70,55,95,110,Chlorophyll,Leaf Guard,Infiltrator,0.8,3,Ordinary
190,Aipom,2,Normal,,360,55,70,55,40,55,85,Run Away,Pickup,Skill Link,0.8,11.5,Ordinary
191,Sunkern,2,Grass,,180,30,30,30,30,30,30,Chlorophyll,Solar Power,Early Bird,0.3,1.8,Ordinary
192,Sunflora,2,Grass,,425,75,75,55,105,85,30,Chlorophyll,Solar Power,Early Bird,0.8,8.5,Ordinary
193,Yanma,2,Bug,Flying,390,65,65,45,75,45,95,Speed Boost,Compound Eyes,Frisk,1.2,38,Ordinary
195,Quagsire,2,Water,Ground,430,95,85,85,65,65,35,Damp,Water Absorb,Unaware,1.4,75,Ordinary
196,Espeon,2,Psychic,,525,65,65,60,130,95,110,Synchronize,,Magic Bounce,0.9,26.5,Ordinary
197,Umbreon,2,Dark,,525,95,65,110,60,130,65,Synchronize,,Inner Focus,1,27,Ordinary
198,Murkrow,2,Dark,Flying,405,60,85,42,85,42,91,Insomnia,Super Luck,Prankster,0.5,2.1,Ordinary
199,Slowking,2,Water,Psychic,490,95,75,80,100,110,30,Oblivious,Own Tempo,Regenerator,2,79.5,Ordinary
200,Misdreavus,2,Ghost,,435,60,60,60,85,85,85,Levitate,,,0.7,1,Ordinary
201,Unown,2,Psychic,,336,48,72,48,72,48,48,Levitate,,,0.5,5,Ordinary
202,Wobbuffet,2,Psychic,,405,190,33,58,33,58,33,Shadow Tag,,Telepathy,1.3,28.5,Ordinary
203,Girafarig,2,Normal,Psychic,455,70,80,65,90,65,85,Inner Focus,Early Bird,Sap Sipper,1.5,41.5,Ordinary
204,Pineco,2,Bug,,290,50,65,90,35,35,15,Sturdy,,Overcoat,0.6,7.2,Ordinary
205,Forretress,2,Bug,Steel,465,75,90,140,60,60,40,Sturdy,,Overcoat,1.2,125.8,Ordinary
206,Dunsparce,2,Normal,,415,100,70,70,65,65,45,Serene Grace,Run Away,Rattled,1.5,14,Ordinary
207,Gligar,2,Ground,Flying,430,65,75,105,35,65,85,Hyper Cutter,Sand Veil,Immunity,1.1,64.8,Ordinary
208,Steelix,2,Steel,Ground,510,75,85,200,55,65,30,Rock Head,Sturdy,Sheer Force,9.2,400,Ordinary
209,Snubbull,2,Fairy,,300,60,80,50,40,40,30,Intimidate,Run Away,Rattled,0.6,7.8,Ordinary
210,Granbull,2,Fairy,,450,90,120,75,60,60,45,Intimidate,Quick Feet,Rattled,1.4,48.7,Ordinary
211,Qwilfish,2,Water,Poison,440,65,95,85,55,55,85,Poison Point,Swift Swim,Intimidate,0.5,3.9,Ordinary
212,Scizor,2,Bug,Steel,500,70,130,100,55,80,65,Swarm,Technician,Light Metal,1.8,118,Ordinary
213,Shuckle,2,Bug,Rock,505,20,10,230,10,230,5,Sturdy,Gluttony,Contrary,0.6,20.5,Ordinary
214,Heracross,2,Bug,Fighting,500,80,125,75,40,95,85,Swarm,Guts,Moxie,1.5,54,Ordinary
215,Sneasel,2,Dark,Ice,430,55,95,55,35,75,115,Inner Focus,Keen Eye,Pickpocket,0.9,28,Ordinary
216,Teddiursa,2,Normal,,330,60,80,50,50,50,40,Pickup,Quick Feet,Honey Gather,0.6,8.8,Ordinary
217,Ursaring,2,Normal,,500,90,130,75,75,75,55,Guts,Quick Feet,Unnerve,1.8,125.8,Ordinary
218,Slugma,2,Fire,,250,40,40,40,70,40,20,Magma Armor,Flame Body,Weak Armor,0.7,35,Ordinary
219,Magcargo,2,Fire,Rock,430,60,50,120,90,80,30,Magma Armor,Flame Body,Weak Armor,0.8,55,Ordinary
220,Swinub,2,Ice,Ground,250,50,50,40,30,30,50,Oblivious,Snow Cloak,Thick Fat,0.4,6.5,Ordinary
221,Piloswine,2,Ice,Ground,450,100,100,80,60,60,50,Oblivious,Snow Cloak,Thick Fat,1.1,55.8,Ordinary
222,Corsola,2,Water,Rock,410,65,55,95,65,95,35,Hustle,Natural Cure,Regenerator,0.6,5,Ordinary
223,Remoraid,2,Water,,300,35,65,35,65,35,65,Hustle,Sniper,Moody,0.6,12,Ordinary
224,Octillery,2,Water,,480,75,105,75,105,75,45,Suction Cups,Sniper,Moody,0.9,28.5,Ordinary
225,Delibird,2,Ice,Flying,330,45,55,45,65,45,75,Vital Spirit,Hustle,Insomnia,0.9,16,Ordinary
226,Mantine,2,Water,Flying,485,85,40,70,80,140,70,Swift Swim,Water Absorb,Water Veil,2.1,220,Ordinary
227,Skarmory,2,Steel,Flying,465,65,80,140,40,70,70,Keen Eye,Sturdy,Weak Armor,1.7,50.5,Ordinary
228,Houndour,2,Dark,Fire,330,45,60,30,80,50,65,Early Bird,Flash Fire,Unnerve,0.6,10.8,Ordinary
229,Houndoom,2,Dark,Fire,500,75,90,50,110,80,95,Early Bird,Flash Fire,Unnerve,1.4,35,Ordinary
230,Kingdra,2,Water,Dragon,540,75,95,95,95,95,85,Swift Swim,Sniper,Damp,1.8,152,Ordinary
231,Phanpy,2,Ground,,330,90,60,60,40,40,40,Pickup,,Sand Veil,0.5,33.5,Ordinary
232,Donphan,2,Ground,,500,90,120,120,60,60,50,Sturdy,,Sand Veil,1.1,120,Ordinary
233,Porygon2,2,Normal,,515,85,80,90,105,95,60,Trace,Download,Analytic,0.6,32.5,Ordinary
234,Stantler,2,Normal,,465,73,95,62,85,65,85,Intimidate,Frisk,Sap Sipper,1.4,71.2,Ordinary
235,Smeargle,2,Normal,,250,55,20,35,20,45,75,Own Tempo,Technician,Moody,1.2,58,Ordinary
236,Tyrogue,2,Fighting,,210,35,35,35,35,35,35,Guts,Steadfast,Vital Spirit,0.7,21,Ordinary
237,Hitmontop,2,Fighting,,455,50,95,95,35,110,70,Intimidate,Technician,Steadfast,1.4,48,Ordinary
238,Smoochum,2,Ice,Psychic,305,45,30,15,85,65,65,Oblivious,Forewarn,Hydration,0.4,6,Ordinary
239,Elekid,2,Electric,,360,45,63,37,65,55,95,Static,,Vital Spirit,0.6,23.5,Ordinary
240,Magby,2,Fire,,365,45,75,37,70,55,83,Flame Body,,Vital Spirit,0.7,21.4,Ordinary
241,Miltank,2,Normal,,490,95,80,105,40,70,100,Thick Fat,Scrappy,Sap Sipper,1.2,75.5,Ordinary
242,Blissey,2,Normal,,540,255,10,10,75,135,55,Natural Cure,Serene Grace,Healer,1.5,46.8,Ordinary
243,Raikou,2,Electric,,580,90,85,75,115,100,115,Pressure,,Inner Focus,1.9,178,Semi-Legendary
244,Entei,2,Fire,,580,115,115,85,90,75,100,Pressure,,Inner Focus,2.1,198,Semi-Legendary
245,Suicune,2,Water,,580,100,75,115,90,115,85,Pressure,,Inner Focus,2,187,Semi-Legendary
246,Larvitar,2,Rock,Ground,300,50,64,50,45,50,41,Guts,,Sand Veil,0.6,72,Ordinary
247,Pupitar,2,Rock,Ground,410,70,84,70,65,70,51,Shed Skin,,,1.2,152,Ordinary
248,Tyranitar,2,Rock,Dark,600,100,134,110,95,100,61,Sand Stream,,Unnerve,2,202,Ordinary
249,Lugia,2,Psychic,Flying,680,106,90,130,90,154,110,Pressure,,Multiscale,5.2,216,Legendary
250,Ho-Oh,2,Fire,Flying,680,106,130,90,110,154,90,Pressure,,Regenerator,3.8,199,Legendary
251,Celebi,2,Psychic,Grass,600,100,100,100,100,100,100,Natural Cure,,,0.6,5,Mythical
252,Treecko,3,Grass,,310,40,45,35,65,55,70,Overgrow,,Unburden,0.5,5,Ordinary
253,Grovyle,3,Grass,,405,50,65,45,85,65,95,Overgrow,,Unburden,0.9,21.6,Ordinary
254,Sceptile,3,Grass,,530,70,85,65,105,85,120,Overgrow,,Unburden,1.7,52.2,Ordinary
255,Torchic,3,Fire,,310,45,60,40,70,50,45,Blaze,,Speed Boost,0.4,2.5,Ordinary
256,Combusken,3,Fire,Fighting,405,60,85,60,85,60,55,Blaze,,Speed Boost,0.9,19.5,Ordinary
257,Blaziken,3,Fire,Fighting,530,80,120,70,110,70,80,Blaze,,Speed Boost,1.9,52,Ordinary
258,Mudkip,3,Water,,310,50,70,50,50,50,40,Torrent,,Damp,0.4,7.6,Ordinary
259,Marshtomp,3,Water,Ground,405,70,85,70,60,70,50,Torrent,,Damp,0.7,28,Ordinary
260,Swampert,3,Water,Ground,535,100,110,90,85,90,60,Torrent,,Damp,1.5,81.9,Ordinary
261,Poochyena,3,Dark,,220,35,55,35,30,30,35,Run Away,Quick Feet,Rattled,0.5,13.6,Ordinary
262,Mightyena,3,Dark,,420,70,90,70,60,60,70,Intimidate,Quick Feet,Moxie,1,37,Ordinary
263,Zigzagoon,3,Normal,,240,38,30,41,30,41,60,Pickup,Gluttony,Quick Feet,0.4,17.5,Ordinary
264,Linoone,3,Normal,,420,78,70,61,50,61,100,Pickup,Gluttony,Quick Feet,0.5,32.5,Ordinary
265,Wurmple,3,Bug,,195,45,45,35,20,30,20,Shield Dust,,Run Away,0.3,3.6,Ordinary
266,Silcoon,3,Bug,,205,50,35,55,25,25,15,Shed Skin,,,0.6,10,Ordinary
267,Beautifly,3,Bug,Flying,395,60,70,50,100,50,65,Swarm,,Rivalry,1,28.4,Ordinary
268,Cascoon,3,Bug,,205,50,35,55,25,25,15,Shed Skin,,,0.7,11.5,Ordinary
269,Dustox,3,Bug,Poison,385,60,50,70,50,90,65,Shield Dust,,Compound Eyes,1.2,31.6,Ordinary
270,Lotad,3,Water,Grass,220,40,30,30,40,50,30,Swift Swim,Rain Dish,Own Tempo,0.5,2.6,Ordinary
271,Lombre,3,Water,Grass,340,60,50,50,60,70,50,Swift Swim,Rain Dish,Own Tempo,1.2,32.5,Ordinary
272,Ludicolo,3,Water,Grass,480,80,70,70,90,100,70,Swift Swim,Rain Dish,Own Tempo,1.5,55,Ordinary
273,Seedot,3,Grass,,220,40,40,50,30,30,30,Chlorophyll,Early Bird,Pickpocket,0.5,4,Ordinary
274,Nuzleaf,3,Grass,Dark,340,70,70,40,60,40,60,Chlorophyll,Early Bird,Pickpocket,1,28,Ordinary
275,Shiftry,3,Grass,Dark,480,90,100,60,90,60,80,Chlorophyll,Early Bird,Pickpocket,1.3,59.6,Ordinary
276,Taillow,3,Normal,Flying,270,40,55,30,30,30,85,Guts,,Scrappy,0.3,2.3,Ordinary
277,Swellow,3,Normal,Flying,455,60,85,60,75,50,125,Guts,,Scrappy,0.7,19.8,Ordinary
278,Wingull,3,Water,Flying,270,40,30,30,55,30,85,Keen Eye,Hydration,Rain Dish,0.6,9.5,Ordinary
279,Pelipper,3,Water,Flying,440,60,50,100,95,70,65,Keen Eye,Drizzle,Rain Dish,1.2,28,Ordinary
280,Ralts,3,Psychic,Fairy,198,28,25,25,45,35,40,Synchronize,Trace,Telepathy,0.4,6.6,Ordinary
281,Kirlia,3,Psychic,Fairy,278,38,35,35,65,55,50,Synchronize,Trace,Telepathy,0.8,20.2,Ordinary
282,Gardevoir,3,Psychic,Fairy,518,68,65,65,125,115,80,Synchronize,Trace,Telepathy,1.6,48.4,Ordinary
283,Surskit,3,Bug,Water,269,40,30,32,50,52,65,Swift Swim,,Rain Dish,0.5,1.7,Ordinary
284,Masquerain,3,Bug,Flying,454,70,60,62,100,82,80,Intimidate,,Unnerve,0.8,3.6,Ordinary
285,Shroomish,3,Grass,,295,60,40,60,40,60,35,Effect Spore,Poison Heal,Quick Feet,0.4,4.5,Ordinary
286,Breloom,3,Grass,Fighting,460,60,130,80,60,60,70,Effect Spore,Poison Heal,Technician,1.2,39.2,Ordinary
287,Slakoth,3,Normal,,280,60,60,60,35,35,30,Truant,,,0.8,24,Ordinary
288,Vigoroth,3,Normal,,440,80,80,80,55,55,90,Vital Spirit,,,1.4,46.5,Ordinary
289,Slaking,3,Normal,,670,150,160,100,95,65,100,Truant,,,2,130.5,Ordinary
290,Nincada,3,Bug,Ground,266,31,45,90,30,30,40,Compound Eyes,,Run Away,0.5,5.5,Ordinary
291,Ninjask,3,Bug,Flying,456,61,90,45,50,50,160,Speed Boost,,Infiltrator,0.8,12,Ordinary
292,Shedinja,3,Bug,Ghost,236,1,90,45,30,30,40,Wonder Guard,,,0.8,1.2,Ordinary
293,Whismur,3,Normal,,240,64,51,23,51,23,28,Soundproof,,Rattled,0.6,16.3,Ordinary
294,Loudred,3,Normal,,360,84,71,43,71,43,48,Soundproof,,Scrappy,1,40.5,Ordinary
295,Exploud,3,Normal,,490,104,91,63,91,73,68,Soundproof,,Scrappy,1.5,84,Ordinary
296,Makuhita,3,Fighting,,237,72,60,30,20,30,25,Thick Fat,Guts,Sheer Force,1,86.4,Ordinary
297,Hariyama,3,Fighting,,474,144,120,60,40,60,50,Thick Fat,Guts,Sheer Force,2.3,253.8,Ordinary
298,Azurill,3,Normal,Fairy,190,50,20,40,20,40,20,Thick Fat,Huge Power,Sap Sipper,0.2,2,Ordinary
299,Nosepass,3,Rock,,375,30,45,135,45,90,30,Sturdy,Magnet Pull,Sand Force,1,97,Ordinary
300,Skitty,3,Normal,,260,50,45,45,35,35,50,Cute Charm,Normalize,Wonder Skin,0.6,11,Ordinary
301,Delcatty,3,Normal,,400,70,65,65,55,55,90,Cute Charm,Normalize,Wonder Skin,1.1,32.6,Ordinary
302,Sableye,3,Dark,Ghost,380,50,75,75,65,65,50,Keen Eye,Stall,Prankster,0.5,11,Ordinary
303,Mawile,3,Steel,Fairy,380,50,85,85,55,55,50,Hyper Cutter,Intimidate,Sheer Force,0.6,11.5,Ordinary
304,Aron,3,Steel,Rock,330,50,70,100,40,40,30,Sturdy,Rock Head,Heavy Metal,0.4,60,Ordinary
305,Lairon,3,Steel,Rock,430,60,90,140,50,50,40,Sturdy,Rock Head,Heavy Metal,0.9,120,Ordinary
306,Aggron,3,Steel,Rock,530,70,110,180,60,60,50,Sturdy,Rock Head,Heavy Metal,2.1,360,Ordinary
307,Meditite,3,Fighting,Psychic,280,30,40,55,40,55,60,Pure Power,,Telepathy,0.6,11.2,Ordinary
308,Medicham,3,Fighting,Psychic,410,60,60,75,60,75,80,Pure Power,,Telepathy,1.3,31.5,Ordinary
309,Electrike,3,Electric,,295,40,45,40,65,40,65,Static,Lightning Rod,Minus,0.6,15.2,Ordinary
310,Manectric,3,Electric,,475,70,75,60,105,60,105,Static,Lightning Rod,Minus,1.5,40.2,Ordinary
311,Plusle,3,Electric,,405,60,50,40,85,75,95,Plus,,Lightning Rod,0.4,4.2,Ordinary
312,Minun,3,Electric,,405,60,40,50,75,85,95,Minus,,Volt Absorb,0.4,4.2,Ordinary
313,Volbeat,3,Bug,,430,65,73,75,47,85,85,Illuminate,Swarm,Prankster,0.7,17.7,Ordinary
314,Illumise,3,Bug,,430,65,47,75,73,85,85,Oblivious,Tinted Lens,Prankster,0.6,17.7,Ordinary
315,Roselia,3,Grass,Poison,400,50,60,45,100,80,65,Natural Cure,Poison Point,Leaf Guard,0.3,2,Ordinary
316,Gulpin,3,Poison,,302,70,43,53,43,53,40,Liquid Ooze,Sticky Hold,Gluttony,0.4,10.3,Ordinary
317,Swalot,3,Poison,,467,100,73,83,73,83,55,Liquid Ooze,Sticky Hold,Gluttony,1.7,80,Ordinary
318,Carvanha,3,Water,Dark,305,45,90,20,65,20,65,Rough Skin,,Speed Boost,0.8,20.8,Ordinary
319,Sharpedo,3,Water,Dark,460,70,120,40,95,40,95,Rough Skin,,Speed Boost,1.8,88.8,Ordinary
320,Wailmer,3,Water,,400,130,70,35,70,35,60,Water Veil,Oblivious,Pressure,2,130,Ordinary
321,Wailord,3,Water,,500,170,90,45,90,45,60,Water Veil,Oblivious,Pressure,14.5,398,Ordinary
322,Numel,3,Fire,Ground,305,60,60,40,65,45,35,Oblivious,Simple,Own Tempo,0.7,24,Ordinary
323,Camerupt,3,Fire,Ground,460,70,100,70,105,75,40,Magma Armor,Solid Rock,Anger Point,1.9,220,Ordinary
324,Torkoal,3,Fire,,470,70,85,140,85,70,20,White Smoke,Drought,Shell Armor,0.5,80.4,Ordinary
325,Spoink,3,Psychic,,330,60,25,35,70,80,60,Thick Fat,Own Tempo,Gluttony,0.7,30.6,Ordinary
326,Grumpig,3,Psychic,,470,80,45,65,90,110,80,Thick Fat,Own Tempo,Gluttony,0.9,71.5,Ordinary
327,Spinda,3,Normal,,360,60,60,60,60,60,60,Own Tempo,Tangled Feet,Contrary,1.1,5,Ordinary
328,Trapinch,3,Ground,,290,45,100,45,45,45,10,Hyper Cutter,Arena Trap,Sheer Force,0.7,15,Ordinary
329,Vibrava,3,Ground,Dragon,340,50,70,50,50,50,70,Levitate,,,1.1,15.3,Ordinary
330,Flygon,3,Ground,Dragon,520,80,100,80,80,80,100,Levitate,,,2,82,Ordinary
331,Cacnea,3,Grass,,335,50,85,40,85,40,35,Sand Veil,,Water Absorb,0.4,51.3,Ordinary
332,Cacturne,3,Grass,Dark,475,70,115,60,115,60,55,Sand Veil,,Water Absorb,1.3,77.4,Ordinary
333,Swablu,3,Normal,Flying,310,45,40,60,40,75,50,Natural Cure,,Cloud Nine,0.4,1.2,Ordinary
334,Altaria,3,Dragon,Flying,490,75,70,90,70,105,80,Natural Cure,,Cloud Nine,1.1,20.6,Ordinary
335,Zangoose,3,Normal,,458,73,115,60,60,60,90,Immunity,,Toxic Boost,1.3,40.3,Ordinary
336,Seviper,3,Poison,,458,73,100,60,100,60,65,Shed Skin,,Infiltrator,2.7,52.5,Ordinary
337,Lunatone,3,Rock,Psychic,460,90,55,65,95,85,70,Levitate,,,1,168,Ordinary
338,Solrock,3,Rock,Psychic,460,90,95,85,55,65,70,Levitate,,,1.2,154,Ordinary
339,Barboach,3,Water,Ground,288,50,48,43,46,41,60,Oblivious,Anticipation,Hydration,0.4,1.9,Ordinary
340,Whiscash,3,Water,Ground,468,110,78,73,76,71,60,Oblivious,Anticipation,Hydration,0.9,23.6,Ordinary
341,Corphish,3,Water,,308,43,80,65,50,35,35,Hyper Cutter,Shell Armor,Adaptability,0.6,11.5,Ordinary
342,Crawdaunt,3,Water,Dark,468,63,120,85,90,55,55,Hyper Cutter,Shell Armor,Adaptability,1.1,32.8,Ordinary
343,Baltoy,3,Ground,Psychic,300,40,40,55,40,70,55,Levitate,,,0.5,21.5,Ordinary
344,Claydol,3,Ground,Psychic,500,60,70,105,70,120,75,Levitate,,,1.5,108,Ordinary
345,Lileep,3,Rock,Grass,355,66,41,77,61,87,23,Suction Cups,,Storm Drain,1,23.8,Ordinary
346,Cradily,3,Rock,Grass,495,86,81,97,81,107,43,Suction Cups,,Storm Drain,1.5,60.4,Ordinary
347,Anorith,3,Rock,Bug,355,45,95,50,40,50,75,Battle Armor,,Swift Swim,0.7,12.5,Ordinary
348,Armaldo,3,Rock,Bug,495,75,125,100,70,80,45,Battle Armor,,Swift Swim,1.5,68.2,Ordinary
349,Feebas,3,Water,,200,20,15,20,10,55,80,Swift Swim,Oblivious,Adaptability,0.6,7.4,Ordinary
350,Milotic,3,Water,,540,95,60,79,100,125,81,Marvel Scale,Competitive,Cute Charm,6.2,162,Ordinary
351,Castform,3,Normal,,420,70,70,70,70,70,70,Forecast,,,0.3,0.8,Ordinary
352,Kecleon,3,Normal,,440,60,90,70,60,120,40,Color Change,,Protean,1,22,Ordinary
353,Shuppet,3,Ghost,,295,44,75,35,63,33,45,Insomnia,Frisk,Cursed Body,0.6,2.3,Ordinary
354,Banette,3,Ghost,,455,64,115,65,83,63,65,Insomnia,Frisk,Cursed Body,1.1,12.5,Ordinary
355,Duskull,3,Ghost,,295,20,40,90,30,90,25,Levitate,,Frisk,0.8,15,Ordinary
356,Dusclops,3,Ghost,,455,40,70,130,60,130,25,Pressure,,Frisk,1.6,30.6,Ordinary
357,Tropius,3,Grass,Flying,460,99,68,83,72,87,51,Chlorophyll,Solar Power,Harvest,2,100,Ordinary
358,Chimecho,3,Psychic,,455,75,50,80,95,90,65,Levitate,,,0.6,1,Ordinary
359,Absol,3,Dark,,465,65,130,60,75,60,75,Pressure,Super Luck,Justified,1.2,47,Ordinary
360,Wynaut,3,Psychic,,260,95,23,48,23,48,23,Shadow Tag,,Telepathy,0.6,14,Ordinary
361,Snorunt,3,Ice,,300,50,50,50,50,50,50,Inner Focus,Ice Body,Moody,0.7,16.8,Ordinary
362,Glalie,3,Ice,,480,80,80,80,80,80,80,Inner Focus,Ice Body,Moody,1.5,256.5,Ordinary
363,Spheal,3,Ice,Water,290,70,40,50,55,50,25,Thick Fat,Ice Body,Oblivious,0.8,39.5,Ordinary
364,Sealeo,3,Ice,Water,410,90,60,70,75,70,45,Thick Fat,Ice Body,Oblivious,1.1,87.6,Ordinary
365,Walrein,3,Ice,Water,530,110,80,90,95,90,65,Thick Fat,Ice Body,Oblivious,1.4,150.6,Ordinary
366,Clamperl,3,Water,,345,35,64,85,74,55,32,Shell Armor,,Rattled,0.4,52.5,Ordinary
367,Huntail,3,Water,,485,55,104,105,94,75,52,Swift Swim,,Water Veil,1.7,27,Ordinary
368,Gorebyss,3,Water,,485,55,84,105,114,75,52,Swift Swim,,Hydration,1.8,22.6,Ordinary
369,Relicanth,3,Water,Rock,485,100,90,130,45,65,55,Swift Swim,Rock Head,Sturdy,1,23.4,Ordinary
370,Luvdisc,3,Water,,330,43,30,55,40,65,97,Swift Swim,,Hydration,0.6,8.7,Ordinary
371,Bagon,3,Dragon,,300,45,75,60,40,30,50,Rock Head,,Sheer Force,0.6,42.1,Ordinary
372,Shelgon,3,Dragon,,420,65,95,100,60,50,50,Rock Head,,Overcoat,1.1,110.5,Ordinary
373,Salamence,3,Dragon,Flying,600,95,135,80,110,80,100,Intimidate,,Moxie,1.5,102.6,Ordinary
374,Beldum,3,Steel,Psychic,300,40,55,80,35,60,30,Clear Body,,Light Metal,0.6,95.2,Ordinary
375,Metang,3,Steel,Psychic,420,60,75,100,55,80,50,Clear Body,,Light Metal,1.2,202.5,Ordinary
376,Metagross,3,Steel,Psychic,600,80,135,130,95,90,70,Clear Body,,Light Metal,1.6,550,Ordinary
377,Regirock,3,Rock,,580,80,100,200,50,100,50,Clear Body,,Sturdy,1.7,230,Semi-Legendary
378,Regice,3,Ice,,580,80,50,100,100,200,50,Clear Body,,Ice Body,1.8,175,Semi-Legendary
379,Registeel,3,Steel,,580,80,75,150,75,150,50,Clear Body,,Light Metal,1.9,205,Semi-Legendary
380,Latias,3,Dragon,Psychic,600,80,80,90,110,130,110,Levitate,,,1.4,40,Semi-Legendary
381,Latios,3,Dragon,Psychic,600,80,90,80,130,110,110,Levitate,,,2,60,Semi-Legendary
382,Kyogre,3,Water,,670,100,100,90,150,140,90,Drizzle,,,4.5,352,Legendary
383,Groudon,3,Ground,,670,100,150,140,100,90,90,Drought,,,3.5,950,Legendary
384,Rayquaza,3,Dragon,Flying,680,105,150,90,150,90,95,Air Lock,,,7,206.5,Legendary
385,Jirachi,3,Steel,Psychic,600,100,100,100,100,100,100,Serene Grace,,,0.3,1.1,Mythical
386,Deoxys,3,Psychic,,600,50,150,50,150,50,150,Pressure,,,1.7,60.8,Mythical
387,Turtwig,4,Grass,,318,55,68,64,45,55,31,Overgrow,,Shell Armor,0.4,10.2,Ordinary
388,Grotle,4,Grass,,405,75,89,85,55,65,36,Overgrow,,Shell Armor,1.1,97,Ordinary
389,Torterra,4,Grass,Ground,525,95,109,105,75,85,56,Overgrow,,Shell Armor,2.2,310,Ordinary
390,Chimchar,4,Fire,,309,44,58,44,58,44,61,Blaze,,Iron Fist,0.5,6.2,Ordinary
391,Monferno,4,Fire,Fighting,405,64,78,52,78,52,81,Blaze,,Iron Fist,0.9,22,Ordinary
392,Infernape,4,Fire,Fighting,534,76,104,71,104,71,108,Blaze,,Iron Fist,1.2,55,Ordinary
393,Piplup,4,Water,,314,53,51,53,61,56,40,Torrent,,Defiant,0.4,5.2,Ordinary
394,Prinplup,4,Water,,405,64,66,68,81,76,50,Torrent,,Defiant,0.8,23,Ordinary
395,Empoleon,4,Water,Steel,530,84,86,88,111,101,60,Torrent,,Defiant,1.7,84.5,Ordinary
396,Starly,4,Normal,Flying,245,40,55,30,30,30,60,Keen Eye,,Reckless,0.3,2,Ordinary
397,Staravia,4,Normal,Flying,340,55,75,50,40,40,80,Intimidate,,Reckless,0.6,15.5,Ordinary
398,Staraptor,4,Normal,Flying,485,85,120,70,50,60,100,Intimidate,,Reckless,1.2,24.9,Ordinary
399,Bidoof,4,Normal,,250,59,45,40,35,40,31,Simple,Unaware,Moody,0.5,20,Ordinary
400,Bibarel,4,Normal,Water,410,79,85,60,55,60,71,Simple,Unaware,Moody,1,31.5,Ordinary
401,Kricketot,4,Bug,,194,37,25,41,25,41,25,Shed Skin,,Run Away,0.3,2.2,Ordinary
402,Kricketune,4,Bug,,384,77,85,51,55,51,65,Swarm,,Technician,1,25.5,Ordinary
403,Shinx,4,Electric,,263,45,65,34,40,34,45,Rivalry,Intimidate,Guts,0.5,9.5,Ordinary
404,Luxio,4,Electric,,363,60,85,49,60,49,60,Rivalry,Intimidate,Guts,0.9,30.5,Ordinary
405,Luxray,4,Electric,,523,80,120,79,95,79,70,Rivalry,Intimidate,Guts,1.4,42,Ordinary
406,Budew,4,Grass,Poison,280,40,30,35,50,70,55,Natural Cure,Poison Point,Leaf Guard,0.2,1.2,Ordinary
407,Roserade,4,Grass,Poison,515,60,70,65,125,105,90,Natural Cure,Poison Point,Technician,0.9,14.5,Ordinary
408,Cranidos,4,Rock,,350,67,125,40,30,30,58,Mold Breaker,,Sheer Force,0.9,31.5,Ordinary
409,Rampardos,4,Rock,,495,97,165,60,65,50,58,Mold Breaker,,Sheer Force,1.6,102.5,Ordinary
410,Shieldon,4,Rock,Steel,350,30,42,118,42,88,30,Sturdy,,Soundproof,0.5,57,Ordinary
411,Bastiodon,4,Rock,Steel,495,60,52,168,47,138,30,Sturdy,,Soundproof,1.3,149.5,Ordinary
412,Burmy,4,Bug,,224,40,29,45,29,45,36,Shed Skin,,Overcoat,0.2,3.4,Ordinary
413,Wormadam,4,Bug,Grass,424,60,59,85,79,105,36,Anticipation,,Overcoat,0.5,6.5,Ordinary
414,Mothim,4,Bug,Flying,424,70,94,50,94,50,66,Swarm,,Tinted Lens,0.9,23.3,Ordinary
415,Combee,4,Bug,Flying,244,30,30,42,30,42,70,Honey Gather,,Hustle,0.3,5.5,Ordinary
416,Vespiquen,4,Bug,Flying,474,70,80,102,80,102,40,Pressure,,Unnerve,1.2,38.5,Ordinary
417,Pachirisu,4,Electric,,405,60,45,70,45,90,95,Run Away,Pickup,Volt Absorb,0.4,3.9,Ordinary
418,Buizel,4,Water,,330,55,65,35,60,30,85,Swift Swim,,Water Veil,0.7,29.5,Ordinary
419,Floatzel,4,Water,,495,85,105,55,85,50,115,Swift Swim,,Water Veil,1.1,33.5,Ordinary
420,Cherubi,4,Grass,,275,45,35,45,62,53,35,Chlorophyll,,,0.4,3.3,Ordinary
421,Cherrim,4,Grass,,450,70,60,70,87,78,85,Flower Gift,,,0.5,9.3,Ordinary
422,Shellos,4,Water,,325,76,48,48,57,62,34,Sticky Hold,Storm Drain,Sand Force,0.3,6.3,Ordinary
423,Gastrodon,4,Water,Ground,475,111,83,68,92,82,39,Sticky Hold,Storm Drain,Sand Force,0.9,29.9,Ordinary
424,Ambipom,4,Normal,,482,75,100,66,60,66,115,Technician,Pickup,Skill Link,1.2,20.3,Ordinary
425,Drifloon,4,Ghost,Flying,348,90,50,34,60,44,70,Aftermath,Unburden,Flare Boost,0.4,1.2,Ordinary
426,Drifblim,4,Ghost,Flying,498,150,80,44,90,54,80,Aftermath,Unburden,Flare Boost,1.2,15,Ordinary
427,Buneary,4,Normal,,350,55,66,44,44,56,85,Run Away,Klutz,Limber,0.4,5.5,Ordinary
428,Lopunny,4,Normal,,480,65,76,84,54,96,105,Cute Charm,Klutz,Limber,1.2,33.3,Ordinary
429,Mismagius,4,Ghost,,495,60,60,60,105,105,105,Levitate,,,0.9,4.4,Ordinary
430,Honchkrow,4,Dark,Flying,505,100,125,52,105,52,71,Insomnia,Super Luck,Moxie,0.9,27.3,Ordinary
431,Glameow,4,Normal,,310,49,55,42,42,37,85,Limber,Own Tempo,Keen Eye,0.5,3.9,Ordinary
432,Purugly,4,Normal,,452,71,82,64,64,59,112,Thick Fat,Own Tempo,Defiant,1,43.8,Ordinary
433,Chingling,4,Psychic,,285,45,30,50,65,50,45,Levitate,,,0.2,0.6,Ordinary
434,Stunky,4,Poison,Dark,329,63,63,47,41,41,74,Stench,Aftermath,Keen Eye,0.4,19.2,Ordinary
435,Skuntank,4,Poison,Dark,479,103,93,67,71,61,84,Stench,Aftermath,Keen Eye,1,38,Ordinary
436,Bronzor,4,Steel,Psychic,300,57,24,86,24,86,23,Levitate,Heatproof,Heavy Metal,0.5,60.5,Ordinary
437,Bronzong,4,Steel,Psychic,500,67,89,116,79,116,33,Levitate,Heatproof,Heavy Metal,1.3,187,Ordinary
438,Bonsly,4,Rock,,290,50,80,95,10,45,10,Sturdy,Rock Head,Rattled,0.5,15,Ordinary
439,Mime Jr.,4,Psychic,Fairy,310,20,25,45,70,90,60,Soundproof,Filter,Technician,0.6,13,Ordinary
440,Happiny,4,Normal,,220,100,5,5,15,65,30,Natural Cure,Serene Grace,Friend Guard,0.6,24.4,Ordinary
441,Chatot,4,Normal,Flying,411,76,65,45,92,42,91,Keen Eye,Tangled Feet,Big Pecks,0.5,1.9,Ordinary
442,Spiritomb,4,Ghost,Dark,485,50,92,108,92,108,35,Pressure,,Infiltrator,1,108,Ordinary
443,Gible,4,Dragon,Ground,300,58,70,45,40,45,42,Sand Veil,,Rough Skin,0.7,20.5,Ordinary
444,Gabite,4,Dragon,Ground,410,68,90,65,50,55,82,Sand Veil,,Rough Skin,1.4,56,Ordinary
445,Garchomp,4,Dragon,Ground,600,108,130,95,80,85,102,Sand Veil,,Rough Skin,1.9,95,Ordinary
446,Munchlax,4,Normal,,390,135,85,40,40,85,5,Pickup,Thick Fat,Gluttony,0.6,105,Ordinary
447,Riolu,4,Fighting,,285,40,70,40,35,40,60,Steadfast,Inner Focus,Prankster,0.7,20.2,Ordinary
448,Lucario,4,Fighting,Steel,525,70,110,70,115,70,90,Steadfast,Inner Focus,Justified,1.2,54,Ordinary
449,Hippopotas,4,Ground,,330,68,72,78,38,42,32,Sand Stream,,Sand Force,0.8,49.5,Ordinary
450,Hippowdon,4,Ground,,525,108,112,118,68,72,47,Sand Stream,,Sand Force,2,300,Ordinary
451,Skorupi,4,Poison,Bug,330,40,50,90,30,55,65,Battle Armor,Sniper,Keen Eye,0.8,12,Ordinary
452,Drapion,4,Poison,Dark,500,70,90,110,60,75,95,Battle Armor,Sniper,Keen Eye,1.3,61.5,Ordinary
453,Croagunk,4,Poison,Fighting,300,48,61,40,61,40,50,Anticipation,Dry Skin,Poison Touch,0.7,23,Ordinary
454,Toxicroak,4,Poison,Fighting,490,83,106,65,86,65,85,Anticipation,Dry Skin,Poison Touch,1.3,44.4,Ordinary
455,Carnivine,4,Grass,,454,74,100,72,90,72,46,Levitate,,,1.4,27,Ordinary
456,Finneon,4,Water,,330,49,49,56,49,61,66,Swift Swim,Storm Drain,Water Veil,0.4,7,Ordinary
457,Lumineon,4,Water,,460,69,69,76,69,86,91,Swift Swim,Storm Drain,Water Veil,1.2,24,Ordinary
458,Mantyke,4,Water,Flying,345,45,20,50,60,120,50,Swift Swim,Water Absorb,Water Veil,1,65,Ordinary
459,Snover,4,Grass,Ice,334,60,62,50,62,60,40,Snow Warning,,Soundproof,1,50.5,Ordinary
460,Abomasnow,4,Grass,Ice,494,90,92,75,92,85,60,Snow Warning,,Soundproof,2.2,135.5,Ordinary
461,Weavile,4,Dark,Ice,510,70,120,65,45,85,125,Pressure,,Pickpocket,1.1,34,Ordinary
462,Magnezone,4,Electric,Steel,535,70,70,115,130,90,60,Magnet Pull,Sturdy,Analytic,1.2,180,Ordinary
463,Lickilicky,4,Normal,,515,110,85,95,80,95,50,Own Tempo,Oblivious,Cloud Nine,1.7,140,Ordinary
464,Rhyperior,4,Ground,Rock,535,115,140,130,55,55,40,Lightning Rod,Solid Rock,Reckless,2.4,282.8,Ordinary
465,Tangrowth,4,Grass,,535,100,100,125,110,50,50,Chlorophyll,Leaf Guard,Regenerator,2,128.6,Ordinary
466,Electivire,4,Electric,,540,75,123,67,95,85,95,Motor Drive,,Vital Spirit,1.8,138.6,Ordinary
467,Magmortar,4,Fire,,540,75,95,67,125,95,83,Flame Body,,Vital Spirit,1.6,68,Ordinary
468,Togekiss,4,Fairy,Flying,545,85,50,95,120,115,80,Hustle,Serene Grace,Super Luck,1.5,38,Ordinary
469,Yanmega,4,Bug,Flying,515,86,76,86,116,56,95,Speed Boost,Tinted Lens,Frisk,1.9,51.5,Ordinary
470,Leafeon,4,Grass,,525,65,110,130,60,65,95,Leaf Guard,,Chlorophyll,1,25.5,Ordinary
471,Glaceon,4,Ice,,525,65,60,110,130,95,65,Snow Cloak,,Ice Body,0.8,25.9,Ordinary
472,Gliscor,4,Ground,Flying,510,75,95,125,45,75,95,Hyper Cutter,Sand Veil,Poison Heal,2,42.5,Ordinary
473,Mamoswine,4,Ice,Ground,530,110,130,80,70,60,80,Oblivious,Snow Cloak,Thick Fat,2.5,291,Ordinary
474,Porygon-Z,4,Normal,,535,85,80,70,135,75,90,Adaptability,Download,Analytic,0.9,34,Ordinary
475,Gallade,4,Psychic,Fighting,518,68,125,65,65,115,80,Steadfast,Sharpness,Justified,1.6,52,Ordinary
476,Probopass,4,Rock,Steel,525,60,55,145,75,150,40,Sturdy,Magnet Pull,Sand Force,1.4,340,Ordinary
477,Dusknoir,4,Ghost,,525,45,100,135,65,135,45,Pressure,,Frisk,2.2,106.6,Ordinary
478,Froslass,4,Ice,Ghost,480,70,80,70,80,70,110,Snow Cloak,,Cursed Body,1.3,26.6,Ordinary
479,Rotom,4,Electric,Ghost,440,50,50,77,95,77,91,Levitate,,,0.3,0.3,Ordinary
480,Uxie,4,Psychic,,580,75,75,130,75,130,95,Levitate,,,0.3,0.3,Semi-Legendary
481,Mesprit,4,Psychic,,580,80,105,105,105,105,80,Levitate,,,0.3,0.3,Semi-Legendary
482,Azelf,4,Psychic,,580,75,125,70,125,70,115,Levitate,,,0.3,0.3,Semi-Legendary
483,Dialga,4,Steel,Dragon,680,100,120,120,150,100,90,Pressure,,Telepathy,5.4,683,Legendary
484,Palkia,4,Water,Dragon,680,90,120,100,150,120,100,Pressure,,Telepathy,4.2,336,Legendary
485,Heatran,4,Fire,Steel,600,91,90,106,130,106,77,Flash Fire,,Flame Body,1.7,430,Semi-Legendary
486,Regigigas,4,Normal,,670,110,160,110,80,110,100,Slow Start,,,3.7,420,Semi-Legendary
487,Giratina,4,Ghost,Dragon,680,150,100,120,100,120,90,Pressure,,Telepathy,4.5,750,Legendary
488,Cresselia,4,Psychic,,580,120,70,110,75,120,85,Levitate,,,1.5,85.6,Semi-Legendary
489,Phione,4,Water,,480,80,80,80,80,80,80,Hydration,,,0.4,3.1,Mythical
490,Manaphy,4,Water,,600,100,100,100,100,100,100,Hydration,,,0.3,1.4,Mythical
491,Darkrai,4,Dark,,600,70,90,90,135,90,125,Bad Dreams,,,1.5,50.5,Mythical
492,Shaymin,4,Grass,,600,100,100,100,100,100,100,Natural Cure,,,0.2,2.1,Mythical
493,Arceus,4,Normal,,720,120,120,120,120,120,120,Multitype,,,3.2,320,Mythical
494,Victini,5,Psychic,Fire,600,100,100,100,100,100,100,Victory Star,,,0.4,4,Mythical
495,Snivy,5,Grass,,308,45,45,55,45,55,63,Overgrow,,Contrary,0.6,8.1,Ordinary
496,Servine,5,Grass,,413,60,60,75,60,75,83,Overgrow,,Contrary,0.8,16,Ordinary
497,Serperior,5,Grass,,528,75,75,95,75,95,113,Overgrow,,Contrary,3.3,63,Ordinary
498,Tepig,5,Fire,,308,65,63,45,45,45,45,Blaze,,Thick Fat,0.5,9.9,Ordinary
499,Pignite,5,Fire,Fighting,418,90,93,55,70,55,55,Blaze,,Thick Fat,1,55.5,Ordinary
500,Emboar,5,Fire,Fighting,528,110,123,65,100,65,65,Blaze,,Reckless,1.6,150,Ordinary
501,Oshawott,5,Water,,308,55,55,45,63,45,45,Torrent,,Shell Armor,0.5,5.9,Ordinary
502,Dewott,5,Water,,413,75,75,60,83,60,60,Torrent,,Shell Armor,0.8,24.5,Ordinary
503,Samurott,5,Water,,528,95,100,85,108,70,70,Torrent,,Shell Armor,1.5,94.6,Ordinary
504,Patrat,5,Normal,,255,45,55,39,35,39,42,Run Away,Keen Eye,Analytic,0.5,11.6,Ordinary
505,Watchog,5,Normal,,420,60,85,69,60,69,77,Illuminate,Keen Eye,Analytic,1.1,27,Ordinary
506,Lillipup,5,Normal,,275,45,60,45,25,45,55,Vital Spirit,Pickup,Run Away,0.4,4.1,Ordinary
507,Herdier,5,Normal,,370,65,80,65,35,65,60,Intimidate,Sand Rush,Scrappy,0.9,14.7,Ordinary
508,Stoutland,5,Normal,,500,85,110,90,45,90,80,Intimidate,Sand Rush,Scrappy,1.2,61,Ordinary
509,Purrloin,5,Dark,,281,41,50,37,50,37,66,Limber,Unburden,Prankster,0.4,10.1,Ordinary
510,Liepard,5,Dark,,446,64,88,50,88,50,106,Limber,Unburden,Prankster,1.1,37.5,Ordinary
511,Pansage,5,Grass,,316,50,53,48,53,48,64,Gluttony,,Overgrow,0.6,10.5,Ordinary
512,Simisage,5,Grass,,498,75,98,63,98,63,101,Gluttony,,Overgrow,1.1,30.5,Ordinary
513,Pansear,5,Fire,,316,50,53,48,53,48,64,Gluttony,,Blaze,0.6,11,Ordinary
514,Simisear,5,Fire,,498,75,98,63,98,63,101,Gluttony,,Blaze,1,28,Ordinary
515,Panpour,5,Water,,316,50,53,48,53,48,64,Gluttony,,Torrent,0.6,13.5,Ordinary
516,Simipour,5,Water,,498,75,98,63,98,63,101,Gluttony,,Torrent,1,29,Ordinary
517,Munna,5,Psychic,,292,76,25,45,67,55,24,Forewarn,Synchronize,Telepathy,0.6,23.3,Ordinary
518,Musharna,5,Psychic,,487,116,55,85,107,95,29,Forewarn,Synchronize,Telepathy,1.1,60.5,Ordinary
519,Pidove,5,Normal,Flying,264,50,55,50,36,30,43,Big Pecks,Super Luck,Rivalry,0.3,2.1,Ordinary
520,Tranquill,5,Normal,Flying,358,62,77,62,50,42,65,Big Pecks,Super Luck,Rivalry,0.6,15,Ordinary
521,Unfezant,5,Normal,Flying,488,80,115,80,65,55,93,Big Pecks,Super Luck,Rivalry,1.2,29,Ordinary
522,Blitzle,5,Electric,,295,45,60,32,50,32,76,Lightning Rod,Motor Drive,Sap Sipper,0.8,29.8,Ordinary
523,Zebstrika,5,Electric,,497,75,100,63,80,63,116,Lightning Rod,Motor Drive,Sap Sipper,1.6,79.5,Ordinary
524,Roggenrola,5,Rock,,280,55,75,85,25,25,15,Sturdy,Weak Armor,Sand Force,0.4,18,Ordinary
525,Boldore,5,Rock,,390,70,105,105,50,40,20,Sturdy,Weak Armor,Sand Force,0.9,102,Ordinary
526,Gigalith,5,Rock,,515,85,135,130,60,80,25,Sturdy,Sand Stream,Sand Force,1.7,260,Ordinary
527,Woobat,5,Psychic,Flying,323,65,45,43,55,43,72,Unaware,Klutz,Simple,0.4,2.1,Ordinary
528,Swoobat,5,Psychic,Flying,425,67,57,55,77,55,114,Unaware,Klutz,Simple,0.9,10.5,Ordinary
529,Drilbur,5,Ground,,328,60,85,40,30,45,68,Sand Rush,Sand Force,Mold Breaker,0.3,8.5,Ordinary
530,Excadrill,5,Ground,Steel,508,110,135,60,50,65,88,Sand Rush,Sand Force,Mold Breaker,0.7,40.4,Ordinary
531,Audino,5,Normal,,445,103,60,86,60,86,50,Healer,Regenerator,Klutz,1.1,31,Ordinary
532,Timburr,5,Fighting,,305,75,80,55,25,35,35,Guts,Sheer Force,Iron Fist,0.6,12.5,Ordinary
533,Gurdurr,5,Fighting,,405,85,105,85,40,50,40,Guts,Sheer Force,Iron Fist,1.2,40,Ordinary
534,Conkeldurr,5,Fighting,,505,105,140,95,55,65,45,Guts,Sheer Force,Iron Fist,1.4,87,Ordinary
535,Tympole,5,Water,,294,50,50,40,50,40,64,Swift Swim,Hydration,Water Absorb,0.5,4.5,Ordinary
536,Palpitoad,5,Water,Ground,384,75,65,55,65,55,69,Swift Swim,Hydration,Water Absorb,0.8,17,Ordinary
537,Seismitoad,5,Water,Ground,509,105,95,75,85,75,74,Swift Swim,Poison Touch,Water Absorb,1.5,62,Ordinary
538,Throh,5,Fighting,,465,120,100,85,30,85,45,Guts,Inner Focus,Mold Breaker,1.3,55.5,Ordinary
539,Sawk,5,Fighting,,465,75,125,75,30,75,85,Sturdy,Inner Focus,Mold Breaker,1.4,51,Ordinary
540,Sewaddle,5,Bug,Grass,310,45,53,70,40,60,42,Swarm,Chlorophyll,Overcoat,0.3,2.5,Ordinary
541,Swadloon,5,Bug,Grass,380,55,63,90,50,80,42,Leaf Guard,Chlorophyll,Overcoat,0.5,7.3,Ordinary
542,Leavanny,5,Bug,Grass,500,75,103,80,70,80,92,Swarm,Chlorophyll,Overcoat,1.2,20.5,Ordinary
543,Venipede,5,Bug,Poison,260,30,45,59,30,39,57,Poison Point,Swarm,Speed Boost,0.4,5.3,Ordinary
544,Whirlipede,5,Bug,Poison,360,40,55,99,40,79,47,Poison Point,Swarm,Speed Boost,1.2,58.5,Ordinary
545,Scolipede,5,Bug,Poison,485,60,100,89,55,69,112,Poison Point,Swarm,Speed Boost,2.5,200.5,Ordinary
546,Cottonee,5,Grass,Fairy,280,40,27,60,37,50,66,Prankster,Infiltrator,Chlorophyll,0.3,0.6,Ordinary
547,Whimsicott,5,Grass,Fairy,480,60,67,85,77,75,116,Prankster,Infiltrator,Chlorophyll,0.7,6.6,Ordinary
548,Petilil,5,Grass,,280,45,35,50,70,50,30,Chlorophyll,Own Tempo,Leaf Guard,0.5,6.6,Ordinary
549,Lilligant,5,Grass,,480,70,60,75,110,75,90,Chlorophyll,Own Tempo,Leaf Guard,1.1,16.3,Ordinary
550,Basculin,5,Water,,460,70,92,65,80,55,98,Reckless,Adaptability,Mold Breaker,1,18,Ordinary
551,Sandile,5,Ground,Dark,292,50,72,35,35,35,65,Intimidate,Moxie,Anger Point,0.7,15.2,Ordinary
552,Krokorok,5,Ground,Dark,351,60,82,45,45,45,74,Intimidate,Moxie,Anger Point,1,33.4,Ordinary
553,Krookodile,5,Ground,Dark,519,95,117,80,65,70,92,Intimidate,Moxie,Anger Point,1.5,96.3,Ordinary
554,Darumaka,5,Fire,,315,70,90,45,15,45,50,Hustle,,Inner Focus,0.6,37.5,Ordinary
555,Darmanitan,5,Fire,,480,105,140,55,30,55,95,Sheer Force,,Zen Mode,1.3,92.9,Ordinary
556,Maractus,5,Grass,,461,75,86,67,106,67,60,Water Absorb,Chlorophyll,Storm Drain,1,28,Ordinary
557,Dwebble,5,Bug,Rock,325,50,65,85,35,35,55,Sturdy,Shell Armor,Weak Armor,0.3,14.5,Ordinary
558,Crustle,5,Bug,Rock,485,70,105,125,65,75,45,Sturdy,Shell Armor,Weak Armor,1.4,200,Ordinary
559,Scraggy,5,Dark,Fighting,348,50,75,70,35,70,48,Shed Skin,Moxie,Intimidate,0.6,11.8,Ordinary
560,Scrafty,5,Dark,Fighting,488,65,90,115,45,115,58,Shed Skin,Moxie,Intimidate,1.1,30,Ordinary
561,Sigilyph,5,Psychic,Flying,490,72,58,80,103,80,97,Wonder Skin,Magic Guard,Tinted Lens,1.4,14,Ordinary
562,Yamask,5,Ghost,,303,38,30,85,55,65,30,Mummy,,,0.5,1.5,Ordinary
563,Cofagrigus,5,Ghost,,483,58,50,145,95,105,30,Mummy,,,1.7,76.5,Ordinary
564,Tirtouga,5,Water,Rock,355,54,78,103,53,45,22,Solid Rock,Sturdy,Swift Swim,0.7,16.5,Ordinary
565,Carracosta,5,Water,Rock,495,74,108,133,83,65,32,Solid Rock,Sturdy,Swift Swim,1.2,81,Ordinary
566,Archen,5,Rock,Flying,401,55,112,45,74,45,70,Defeatist,,,0.5,9.5,Ordinary
567,Archeops,5,Rock,Flying,567,75,140,65,112,65,110,Defeatist,,,1.4,32,Ordinary
568,Trubbish,5,Poison,,329,50,50,62,40,62,65,Stench,Sticky Hold,Aftermath,0.6,31,Ordinary
569,Garbodor,5,Poison,,474,80,95,82,60,82,75,Stench,Weak Armor,Aftermath,1.9,107.3,Ordinary
570,Zorua,5,Dark,,330,40,65,40,80,40,65,Illusion,,,0.7,12.5,Ordinary
571,Zoroark,5,Dark,,510,60,105,60,120,60,105,Illusion,,,1.6,81.1,Ordinary
572,Minccino,5,Normal,,300,55,50,40,40,40,75,Cute Charm,Technician,Skill Link,0.4,5.8,Ordinary
573,Cinccino,5,Normal,,470,75,95,60,65,60,115,Cute Charm,Technician,Skill Link,0.5,7.5,Ordinary
574,Gothita,5,Psychic,,290,45,30,50,55,65,45,Frisk,Competitive,Shadow Tag,0.4,5.8,Ordinary
575,Gothorita,5,Psychic,,390,60,45,70,75,85,55,Frisk,Competitive,Shadow Tag,0.7,18,Ordinary
576,Gothitelle,5,Psychic,,490,70,55,95,95,110,65,Frisk,Competitive,Shadow Tag,1.5,44,Ordinary
577,Solosis,5,Psychic,,290,45,30,40,105,50,20,Overcoat,Magic Guard,Regenerator,0.3,1,Ordinary
578,Duosion,5,Psychic,,370,65,40,50,125,60,30,Overcoat,Magic Guard,Regenerator,0.6,8,Ordinary
579,Reuniclus,5,Psychic,,490,110,65,75,125,85,30,Overcoat,Magic Guard,Regenerator,1,20.1,Ordinary
580,Ducklett,5,Water,Flying,305,62,44,50,44,50,55,Keen Eye,Big Pecks,Hydration,0.5,5.5,Ordinary
581,Swanna,5,Water,Flying,473,75,87,63,87,63,98,Keen Eye,Big Pecks,Hydration,1.3,24.2,Ordinary
582,Vanillite,5,Ice,,305,36,50,50,65,60,44,Ice Body,Snow Cloak,Weak Armor,0.4,5.7,Ordinary
583,Vanillish,5,Ice,,395,51,65,65,80,75,59,Ice Body,Snow Cloak,Weak Armor,1.1,41,Ordinary
584,Vanilluxe,5,Ice,,535,71,95,85,110,95,79,Ice Body,Snow Warning,Weak Armor,1.3,57.5,Ordinary
585,Deerling,5,Normal,Grass,335,60,60,50,40,50,75,Chlorophyll,Sap Sipper,Serene Grace,0.6,19.5,Ordinary
586,Sawsbuck,5,Normal,Grass,475,80,100,70,60,70,95,Chlorophyll,Sap Sipper,Serene Grace,1.9,92.5,Ordinary
587,Emolga,5,Electric,Flying,428,55,75,60,75,60,103,Static,,Motor Drive,0.4,5,Ordinary
588,Karrablast,5,Bug,,315,50,75,45,40,45,60,Swarm,Shed Skin,No Guard,0.5,5.9,Ordinary
589,Escavalier,5,Bug,Steel,495,70,135,105,60,105,20,Swarm,Shell Armor,Overcoat,1,33,Ordinary
590,Foongus,5,Grass,Poison,294,69,55,45,55,55,15,Effect Spore,,Regenerator,0.2,1,Ordinary
591,Amoonguss,5,Grass,Poison,464,114,85,70,85,80,30,Effect Spore,,Regenerator,0.6,10.5,Ordinary
592,Frillish,5,Water,Ghost,335,55,40,50,65,85,40,Water Absorb,Cursed Body,Damp,1.2,33,Ordinary
593,Jellicent,5,Water,Ghost,480,100,60,70,85,105,60,Water Absorb,Cursed Body,Damp,2.2,135,Ordinary
594,Alomomola,5,Water,,470,165,75,80,40,45,65,Healer,Hydration,Regenerator,1.2,31.6,Ordinary
595,Joltik,5,Bug,Electric,319,50,47,50,57,50,65,Compound Eyes,Unnerve,Swarm,0.1,0.6,Ordinary
596,Galvantula,5,Bug,Electric,472,70,77,60,97,60,108,Compound Eyes,Unnerve,Swarm,0.8,14.3,Ordinary
597,Ferroseed,5,Grass,Steel,305,44,50,91,24,86,10,Iron Barbs,,,0.6,18.8,Ordinary
598,Ferrothorn,5,Grass,Steel,489,74,94,131,54,116,20,Iron Barbs,,Anticipation,1,110,Ordinary
599,Klink,5,Steel,,300,40,55,70,45,60,30,Plus,Minus,Clear Body,0.3,21,Ordinary
600,Klang,5,Steel,,440,60,80,95,70,85,50,Plus,Minus,Clear Body,0.6,51,Ordinary
601,Klinklang,5,Steel,,520,60,100,115,70,85,90,Plus,Minus,Clear Body,0.6,81,Ordinary
602,Tynamo,5,Electric,,275,35,55,40,45,40,60,Levitate,,,0.2,0.3,Ordinary
603,Eelektrik,5,Electric,,405,65,85,70,75,70,40,Levitate,,,1.2,22,Ordinary
604,Eelektross,5,Electric,,515,85,115,80,105,80,50,Levitate,,,2.1,80.5,Ordinary
605,Elgyem,5,Psychic,,335,55,55,55,85,55,30,Telepathy,Synchronize,Analytic,0.5,9,Ordinary
606,Beheeyem,5,Psychic,,485,75,75,75,125,95,40,Telepathy,Synchronize,Analytic,1,34.5,Ordinary
607,Litwick,5,Ghost,Fire,275,50,30,55,65,55,20,Flash Fire,Flame Body,Infiltrator,0.3,3.1,Ordinary
608,Lampent,5,Ghost,Fire,370,60,40,60,95,60,55,Flash Fire,Flame Body,Infiltrator,0.6,13,Ordinary
609,Chandelure,5,Ghost,Fire,520,60,55,90,145,90,80,Flash Fire,Flame Body,Infiltrator,1,34.3,Ordinary
610,Axew,5,Dragon,,320,46,87,60,30,40,57,Rivalry,Mold Breaker,Unnerve,0.6,18,Ordinary
611,Fraxure,5,Dragon,,410,66,117,70,40,50,67,Rivalry,Mold Breaker,Unnerve,1,36,Ordinary
612,Haxorus,5,Dragon,,540,76,147,90,60,70,97,Rivalry,Mold Breaker,Unnerve,1.8,105.5,Ordinary
613,Cubchoo,5,Ice,,305,55,70,40,60,40,40,Snow Cloak,Slush Rush,Rattled,0.5,8.5,Ordinary
614,Beartic,5,Ice,,505,95,130,80,70,80,50,Snow Cloak,Slush Rush,Swift Swim,2.6,260,Ordinary
615,Cryogonal,5,Ice,,515,80,50,50,95,135,105,Levitate,,,1.1,148,Ordinary
616,Shelmet,5,Bug,,305,50,40,85,40,65,25,Hydration,Shell Armor,Overcoat,0.4,7.7,Ordinary
617,Accelgor,5,Bug,,495,80,70,40,100,60,145,Hydration,Sticky Hold,Unburden,0.8,25.3,Ordinary
618,Stunfisk,5,Ground,Electric,471,109,66,84,81,99,32,Static,Limber,Sand Veil,0.7,11,Ordinary
619,Mienfoo,5,Fighting,,350,45,85,50,55,50,65,Inner Focus,Regenerator,Reckless,0.9,20,Ordinary
620,Mienshao,5,Fighting,,510,65,125,60,95,60,105,Inner Focus,Regenerator,Reckless,1.4,35.5,Ordinary
621,Druddigon,5,Dragon,,485,77,120,90,60,90,48,Rough Skin,Sheer Force,Mold Breaker,1.6,139,Ordinary
622,Golett,5,Ground,Ghost,303,59,74,50,35,50,35,Iron Fist,Klutz,No Guard,1,92,Ordinary
623,Golurk,5,Ground,Ghost,483,89,124,80,55,80,55,Iron Fist,Klutz,No Guard,2.8,330,Ordinary
624,Pawniard,5,Dark,Steel,340,45,85,70,40,40,60,Defiant,Inner Focus,Pressure,0.5,10.2,Ordinary
625,Bisharp,5,Dark,Steel,490,65,125,100,60,70,70,Defiant,Inner Focus,Pressure,1.6,70,Ordinary
626,Bouffalant,5,Normal,,490,95,110,95,40,95,55,Reckless,Sap Sipper,Soundproof,1.6,94.6,Ordinary
627,Rufflet,5,Normal,Flying,350,70,83,50,37,50,60,Keen Eye,Sheer Force,Hustle,0.5,10.5,Ordinary
628,Braviary,5,Normal,Flying,510,100,123,75,57,75,80,Keen Eye,Sheer Force,Defiant,1.5,41,Ordinary
629,Vullaby,5,Dark,Flying,370,70,55,75,45,65,60,Big Pecks,Overcoat,Weak Armor,0.5,9,Ordinary
630,Mandibuzz,5,Dark,Flying,510,110,65,105,55,95,80,Big Pecks,Overcoat,Weak Armor,1.2,39.5,Ordinary
631,Heatmor,5,Fire,,484,85,97,66,105,66,65,Gluttony,Flash Fire,White Smoke,1.4,58,Ordinary
632,Durant,5,Bug,Steel,484,58,109,112,48,48,109,Swarm,Hustle,Truant,0.3,33,Ordinary
633,Deino,5,Dark,Dragon,300,52,65,50,45,50,38,Hustle,,,0.8,17.3,Ordinary
634,Zweilous,5,Dark,Dragon,420,72,85,70,65,70,58,Hustle,,,1.4,50,Ordinary
635,Hydreigon,5,Dark,Dragon,600,92,105,90,125,90,98,Levitate,,,1.8,160,Ordinary
636,Larvesta,5,Bug,Fire,360,55,85,55,50,55,60,Flame Body,,Swarm,1.1,28.8,Ordinary
637,Volcarona,5,Bug,Fire,550,85,60,65,135,105,100,Flame Body,,Swarm,1.6,46,Ordinary
638,Cobalion,5,Steel,Fighting,580,91,90,129,90,72,108,Justified,,,2.1,250,Semi-Legendary
639,Terrakion,5,Rock,Fighting,580,91,129,90,72,90,108,Justified,,,1.9,260,Semi-Legendary
640,Virizion,5,Grass,Fighting,580,91,90,72,90,129,108,Justified,,,2,200,Semi-Legendary
641,Tornadus,5,Flying,,580,79,115,70,125,80,111,Prankster,,Defiant,1.5,63,Semi-Legendary
642,Thundurus,5,Electric,Flying,580,79,115,70,125,80,111,Prankster,,Defiant,1.5,61,Semi-Legendary
643,Reshiram,5,Dragon,Fire,680,100,120,100,150,120,90,Turboblaze,,,3.2,330,Legendary
644,Zekrom,5,Dragon,Electric,680,100,150,120,120,100,90,Teravolt,,,2.9,345,Legendary
645,Landorus,5,Ground,Flying,600,89,125,90,115,80,101,Sand Force,,Sheer Force,1.5,68,Semi-Legendary
646,Kyurem,5,Dragon,Ice,660,125,130,90,130,90,95,Pressure,,,3,325,Legendary
647,Keldeo,5,Water,Fighting,580,91,72,90,129,90,108,Justified,,,1.4,48.5,Mythical
648,Meloetta,5,Normal,Psychic,600,100,77,77,128,128,90,Serene Grace,,,0.6,6.5,Mythical
649,Genesect,5,Bug,Steel,600,71,120,95,120,95,99,Download,,,1.5,82.5,Mythical
650,Chespin,6,Grass,,313,56,61,65,48,45,38,Overgrow,,Bulletproof,0.4,9,Ordinary
651,Quilladin,6,Grass,,405,61,78,95,56,58,57,Overgrow,,Bulletproof,0.7,29,Ordinary
652,Chesnaught,6,Grass,Fighting,530,88,107,122,74,75,64,Overgrow,,Bulletproof,1.6,90,Ordinary
653,Fennekin,6,Fire,,307,40,45,40,62,60,60,Blaze,,Magician,0.4,9.4,Ordinary
654,Braixen,6,Fire,,409,59,59,58,90,70,73,Blaze,,Magician,1,14.5,Ordinary
655,Delphox,6,Fire,Psychic,534,75,69,72,114,100,104,Blaze,,Magician,1.5,39,Ordinary
656,Froakie,6,Water,,314,41,56,40,62,44,71,Torrent,,Protean,0.3,7,Ordinary
657,Frogadier,6,Water,,405,54,63,52,83,56,97,Torrent,,Protean,0.6,10.9,Ordinary
658,Greninja,6,Water,Dark,530,72,95,67,103,71,122,Torrent,,Protean,1.5,40,Ordinary
659,Bunnelby,6,Normal,,237,38,36,38,32,36,57,Pickup,Cheek Pouch,Huge Power,0.4,5,Ordinary
660,Diggersby,6,Normal,Ground,423,85,56,77,50,77,78,Pickup,Cheek Pouch,Huge Power,1,42.4,Ordinary
661,Fletchling,6,Normal,Flying,278,45,50,43,40,38,62,Big Pecks,,Gale Wings,0.3,1.7,Ordinary
662,Fletchinder,6,Fire,Flying,382,62,73,55,56,52,84,Flame Body,,Gale Wings,0.7,16,Ordinary
663,Talonflame,6,Fire,Flying,499,78,81,71,74,69,126,Flame Body,,Gale Wings,1.2,24.5,Ordinary
664,Scatterbug,6,Bug,,200,38,35,40,27,25,35,Shield Dust,Compound Eyes,Friend Guard,0.3,2.5,Ordinary
665,Spewpa,6,Bug,,213,45,22,60,27,30,29,Shed Skin,,Friend Guard,0.3,8.4,Ordinary
666,Vivillon,6,Bug,Flying,411,80,52,50,90,50,89,Shield Dust,Compound Eyes,Friend Guard,1.2,17,Ordinary
667,Litleo,6,Fire,Normal,369,62,50,58,73,54,72,Rivalry,Unnerve,Moxie,0.6,13.5,Ordinary
668,Pyroar,6,Fire,Normal,507,86,68,72,109,66,106,Rivalry,Unnerve,Moxie,1.5,81.5,Ordinary
669,Flabebe,6,Fairy,,303,44,38,39,61,79,42,Flower Veil,,Symbiosis,0.1,0.1,Ordinary
670,Floette,6,Fairy,,371,54,45,47,75,98,52,Flower Veil,,Symbiosis,0.2,0.9,Ordinary
671,Florges,6,Fairy,,552,78,65,68,112,154,75,Flower Veil,,Symbiosis,1.1,10,Ordinary
672,Skiddo,6,Grass,,350,66,65,48,62,57,52,Sap Sipper,,Grass Pelt,0.9,31,Ordinary
673,Gogoat,6,Grass,,531,123,100,62,97,81,68,Sap Sipper,,Grass Pelt,1.7,91,Ordinary
674,Pancham,6,Fighting,,348,67,82,62,46,48,43,Iron Fist,Mold Breaker,Scrappy,0.6,8,Ordinary
675,Pangoro,6,Fighting,Dark,495,95,124,78,69,71,58,Iron Fist,Mold Breaker,Scrappy,2.1,136,Ordinary
676,Furfrou,6,Normal,,472,75,80,60,65,90,102,Fur Coat,,,1.2,28,Ordinary
677,Espurr,6,Psychic,,355,62,48,54,63,60,68,Keen Eye,Infiltrator,Own Tempo,0.3,3.5,Ordinary
678,Meowstic,6,Psychic,,466,74,48,76,83,81,104,Keen Eye,Infiltrator,Prankster,0.6,8.5,Ordinary
679,Honedge,6,Steel,Ghost,325,45,80,100,35,37,28,No Guard,,,0.8,2,Ordinary
680,Doublade,6,Steel,Ghost,448,59,110,150,45,49,35,No Guard,,,0.8,4.5,Ordinary
681,Aegislash,6,Steel,Ghost,500,60,50,140,50,140,60,Stance Change,,,1.7,53,Ordinary
682,Spritzee,6,Fairy,,341,78,52,60,63,65,23,Healer,,Aroma Veil,0.2,0.5,Ordinary
683,Aromatisse,6,Fairy,,462,101,72,72,99,89,29,Healer,,Aroma Veil,0.8,15.5,Ordinary
684,Swirlix,6,Fairy,,341,62,48,66,59,57,49,Sweet Veil,,Unburden,0.4,3.5,Ordinary
685,Slurpuff,6,Fairy,,480,82,80,86,85,75,72,Sweet Veil,,Unburden,0.8,5,Ordinary
686,Inkay,6,Dark,Psychic,288,53,54,53,37,46,45,Contrary,Suction Cups,Infiltrator,0.4,3.5,Ordinary
687,Malamar,6,Dark,Psychic,482,86,92,88,68,75,73,Contrary,Suction Cups,Infiltrator,1.5,47,Ordinary
688,Binacle,6,Rock,Water,306,42,52,67,39,56,50,Tough Claws,Sniper,Pickpocket,0.5,31,Ordinary
689,Barbaracle,6,Rock,Water,500,72,105,115,54,86,68,Tough Claws,Sniper,Pickpocket,1.3,96,Ordinary
690,Skrelp,6,Poison,Water,320,50,60,60,60,60,30,Poison Point,Poison Touch,Adaptability,0.5,7.3,Ordinary
691,Dragalge,6,Poison,Dragon,494,65,75,90,97,123,44,Poison Point,Poison Touch,Adaptability,1.8,81.5,Ordinary
692,Clauncher,6,Water,,330,50,53,62,58,63,44,Mega Launcher,,,0.5,8.3,Ordinary
693,Clawitzer,6,Water,,500,71,73,88,120,89,59,Mega Launcher,,,1.3,35.3,Ordinary
694,Helioptile,6,Electric,Normal,289,44,38,33,61,43,70,Dry Skin,Sand Veil,Solar Power,0.5,6,Ordinary
695,Heliolisk,6,Electric,Normal,481,62,55,52,109,94,109,Dry Skin,Sand Veil,Solar Power,1,21,Ordinary
696,Tyrunt,6,Rock,Dragon,362,58,89,77,45,45,48,Strong Jaw,,Sturdy,0.8,26,Ordinary
697,Tyrantrum,6,Rock,Dragon,521,82,121,119,69,59,71,Strong Jaw,,Rock Head,2.5,270,Ordinary
698,Amaura,6,Rock,Ice,362,77,59,50,67,63,46,Refrigerate,,Snow Warning,1.3,25.2,Ordinary
699,Aurorus,6,Rock,Ice,521,123,77,72,99,92,58,Refrigerate,,Snow Warning,2.7,225,Ordinary
700,Sylveon,6,Fairy,,525,95,65,65,110,130,60,Cute Charm,,Pixilate,1,23.5,Ordinary
701,Hawlucha,6,Fighting,Flying,500,78,92,75,74,63,118,Limber,Unburden,Mold Breaker,0.8,21.5,Ordinary
702,Dedenne,6,Electric,Fairy,431,67,58,57,81,67,101,Cheek Pouch,Pickup,Plus,0.2,2.2,Ordinary
703,Carbink,6,Rock,Fairy,500,50,50,150,50,150,50,Clear Body,,Sturdy,0.3,5.7,Ordinary
704,Goomy,6,Dragon,,300,45,50,35,55,75,40,Sap Sipper,Hydration,Gooey,0.3,2.8,Ordinary
705,Sliggoo,6,Dragon,,452,68,75,53,83,113,60,Sap Sipper,Hydration,Gooey,0.8,17.5,Ordinary
706,Goodra,6,Dragon,,600,90,100,70,110,150,80,Sap Sipper,Hydration,Gooey,2,150.5,Ordinary
707,Klefki,6,Steel,Fairy,470,57,80,91,80,87,75,Prankster,,Magician,0.2,3,Ordinary
708,Phantump,6,Ghost,Grass,309,43,70,48,50,60,38,Natural Cure,Frisk,Harvest,0.4,7,Ordinary
709,Trevenant,6,Ghost,Grass,474,85,110,76,65,82,56,Natural Cure,Frisk,Harvest,1.5,71,Ordinary
710,Pumpkaboo,6,Ghost,Grass,335,49,66,70,44,55,51,Pickup,Frisk,Insomnia,0.4,5,Ordinary
711,Gourgeist,6,Ghost,Grass,494,65,90,122,58,75,84,Pickup,Frisk,Insomnia,0.9,12.5,Ordinary
712,Bergmite,6,Ice,,304,55,69,85,32,35,28,Own Tempo,Ice Body,Sturdy,1,99.5,Ordinary
713,Avalugg,6,Ice,,514,95,117,184,44,46,28,Own Tempo,Ice Body,Sturdy,2,505,Ordinary
714,Noibat,6,Flying,Dragon,245,40,30,35,45,40,55,Frisk,Infiltrator,Telepathy,0.5,8,Ordinary
715,Noivern,6,Flying,Dragon,535,85,70,80,97,80,123,Frisk,Infiltrator,Telepathy,1.5,85,Ordinary
716,Xerneas,6,Fairy,,680,126,131,95,131,98,99,Fairy Aura,,,3,215,Legendary
717,Yveltal,6,Dark,Flying,680,126,131,95,131,98,99,Dark Aura,,,5.8,203,Legendary
718,Zygarde,6,Dragon,Ground,600,108,100,121,81,95,95,Aura Break,,,5,305,Legendary
719,Diancie,6,Rock,Fairy,600,50,100,150,100,150,50,Clear Body,,,0.7,8.8,Mythical
720,Hoopa,6,Psychic,Ghost,600,80,110,60,150,130,70,Magician,,,0.5,9,Mythical
721,Volcanion,6,Fire,Water,600,80,110,120,130,90,70,Water Absorb,,,1.7,195,Mythical
722,Rowlet,7,Grass,Flying,320,68,55,55,50,50,42,Overgrow,,Long Reach,0.3,1.5,Ordinary
723,Dartrix,7,Grass,Flying,420,78,75,75,70,70,52,Overgrow,,Long Reach,0.7,16,Ordinary
724,Decidueye,7,Grass,Ghost,530,78,107,75,100,100,70,Overgrow,,Long Reach,1.6,36.6,Ordinary
725,Litten,7,Fire,,320,45,65,40,60,40,70,Blaze,,Intimidate,0.4,4.3,Ordinary
726,Torracat,7,Fire,,420,65,85,50,80,50,90,Blaze,,Intimidate,0.7,25,Ordinary
727,Incineroar,7,Fire,Dark,530,95,115,90,80,90,60,Blaze,,Intimidate,1.8,83,Ordinary
728,Popplio,7,Water,,320,50,54,54,66,56,40,Torrent,,Liquid Voice,0.4,7.5,Ordinary
729,Brionne,7,Water,,420,60,69,69,91,81,50,Torrent,,Liquid Voice,0.6,17.5,Ordinary
730,Primarina,7,Water,Fairy,530,80,74,74,126,116,60,Torrent,,Liquid Voice,1.8,44,Ordinary
731,Pikipek,7,Normal,Flying,265,35,75,30,30,30,65,Keen Eye,Skill Link,Pickup,0.3,1.2,Ordinary
732,Trumbeak,7,Normal,Flying,355,55,85,50,40,50,75,Keen Eye,Skill Link,Pickup,0.6,14.8,Ordinary
733,Toucannon,7,Normal,Flying,485,80,120,75,75,75,60,Keen Eye,Skill Link,Sheer Force,1.1,26,Ordinary
734,Yungoos,7,Normal,,253,48,70,30,30,30,45,Stakeout,Strong Jaw,Adaptability,0.4,6,Ordinary
735,Gumshoos,7,Normal,,418,88,110,60,55,60,45,Stakeout,Strong Jaw,Adaptability,0.7,14.2,Ordinary
736,Grubbin,7,Bug,,300,47,62,45,55,45,46,Swarm,,,0.4,4.4,Ordinary
737,Charjabug,7,Bug,Electric,400,57,82,95,55,75,36,Battery,,,0.5,10.5,Ordinary
738,Vikavolt,7,Bug,Electric,500,77,70,90,145,75,43,Levitate,,,1.5,45,Ordinary
739,Crabrawler,7,Fighting,,338,47,82,57,42,47,63,Hyper Cutter,Iron Fist,Anger Point,0.6,7,Ordinary
740,Crabominable,7,Fighting,Ice,478,97,132,77,62,67,43,Hyper Cutter,Iron Fist,Anger Point,1.7,180,Ordinary
741,Oricorio,7,Fire,Flying,476,75,70,70,98,70,93,Dancer,,,0.6,3.4,Ordinary
742,Cutiefly,7,Bug,Fairy,304,40,45,40,55,40,84,Honey Gather,Shield Dust,Sweet Veil,0.1,0.2,Ordinary
743,Ribombee,7,Bug,Fairy,464,60,55,60,95,70,124,Honey Gather,Shield Dust,Sweet Veil,0.2,0.5,Ordinary
744,Rockruff,7,Rock,,280,45,65,40,30,40,60,Keen Eye,Vital Spirit,Steadfast,0.5,9.2,Ordinary
745,Lycanroc,7,Rock,,487,75,115,65,55,65,112,Keen Eye,Sand Rush,Steadfast,0.8,25,Ordinary
746,Wishiwashi,7,Water,,175,45,20,20,25,25,40,Schooling,,,0.2,0.3,Ordinary
747,Mareanie,7,Poison,Water,305,50,53,62,43,52,45,Merciless,Limber,Regenerator,0.4,8,Ordinary
748,Toxapex,7,Poison,Water,495,50,63,152,53,142,35,Merciless,Limber,Regenerator,0.7,14.5,Ordinary
749,Mudbray,7,Ground,,385,70,100,70,45,55,45,Own Tempo,Stamina,Inner Focus,1,110,Ordinary
750,Mudsdale,7,Ground,,500,100,125,100,55,85,35,Own Tempo,Stamina,Inner Focus,2.5,920,Ordinary
751,Dewpider,7,Water,Bug,269,38,40,52,40,72,27,Water Bubble,,Water Absorb,0.3,4,Ordinary
752,Araquanid,7,Water,Bug,454,68,70,92,50,132,42,Water Bubble,,Water Absorb,1.8,82,Ordinary
753,Fomantis,7,Grass,,250,40,55,35,50,35,35,Leaf Guard,,Contrary,0.3,1.5,Ordinary
754,Lurantis,7,Grass,,480,70,105,90,80,90,45,Leaf Guard,,Contrary,0.9,18.5,Ordinary
755,Morelull,7,Grass,Fairy,285,40,35,55,65,75,15,Illuminate,Effect Spore,Rain Dish,0.2,1.5,Ordinary
756,Shiinotic,7,Grass,Fairy,405,60,45,80,90,100,30,Illuminate,Effect Spore,Rain Dish,1,11.5,Ordinary
757,Salandit,7,Poison,Fire,320,48,44,40,71,40,77,Corrosion,,Oblivious,0.6,4.8,Ordinary
758,Salazzle,7,Poison,Fire,480,68,64,60,111,60,117,Corrosion,,Oblivious,1.2,22.2,Ordinary
759,Stufful,7,Normal,Fighting,340,70,75,50,45,50,50,Fluffy,Klutz,Cute Charm,0.5,6.8,Ordinary
760,Bewear,7,Normal,Fighting,500,120,125,80,55,60,60,Fluffy,Klutz,Unnerve,2.1,135,Ordinary
761,Bounsweet,7,Grass,,210,42,30,38,30,38,32,Leaf Guard,Oblivious,Sweet Veil,0.3,3.2,Ordinary
762,Steenee,7,Grass,,290,52,40,48,40,48,62,Leaf Guard,Oblivious,Sweet Veil,0.7,8.2,Ordinary
763,Tsareena,7,Grass,,510,72,120,98,50,98,72,Leaf Guard,Queenly Majesty,Sweet Veil,1.2,21.4,Ordinary
764,Comfey,7,Fairy,,485,51,52,90,82,110,100,Flower Veil,Triage,Natural Cure,0.1,0.3,Ordinary
765,Oranguru,7,Normal,Psychic,490,90,60,80,90,110,60,Inner Focus,Telepathy,Symbiosis,1.5,76,Ordinary
766,Passimian,7,Fighting,,490,100,120,90,40,60,80,Receiver,,Defiant,2,82.8,Ordinary
767,Wimpod,7,Bug,Water,230,25,35,40,20,30,80,Wimp Out,,,0.5,12,Ordinary
768,Golisopod,7,Bug,Water,530,75,125,140,60,90,40,Emergency Exit,,,2,108,Ordinary
769,Sandygast,7,Ghost,Ground,320,55,55,80,70,45,15,Water Compaction,,Sand Veil,0.5,70,Ordinary
770,Palossand,7,Ghost,Ground,480,85,75,110,100,75,35,Water Compaction,,Sand Veil,1.3,250,Ordinary
771,Pyukumuku,7,Water,,410,55,60,130,30,130,5,Innards Out,,Unaware,0.3,1.2,Ordinary
772,Type: Null,7,Normal,,534,95,95,95,95,95,59,Battle Armor,,,1.9,120.5,Semi-Legendary
773,Silvally,7,Normal,,570,95,95,95,95,95,95,RKS System,,,2.3,100.5,Semi-Legendary
774,Minior,7,Rock,Flying,440,60,60,100,60,100,60,Shields Down,,,0.3,40,Ordinary
775,Komala,7,Normal,,480,65,115,65,75,95,65,Comatose,,,0.4,19.9,Ordinary
776,Turtonator,7,Fire,Dragon,485,60,78,135,91,85,36,Shell Armor,,,2,212,Ordinary
777,Togedemaru,7,Electric,Steel,435,65,98,63,40,73,96,Iron Barbs,Lightning Rod,Sturdy,0.3,3.3,Ordinary
778,Mimikyu,7,Ghost,Fairy,476,55,90,80,50,105,96,Disguise,,,0.2,0.7,Ordinary
779,Bruxish,7,Water,Psychic,475,68,105,70,70,70,92,Dazzling,Strong Jaw,Wonder Skin,0.9,19,Ordinary
780,Drampa,7,Normal,Dragon,485,78,60,85,135,91,36,Berserk,Sap Sipper,Cloud Nine,3,185,Ordinary
781,Dhelmise,7,Ghost,Grass,517,70,131,100,86,90,40,Steelworker,,,3.9,210,Ordinary
782,Jangmo-o,7,Dragon,,300,45,55,65,45,45,45,Bulletproof,Soundproof,Overcoat,0.6,29.7,Ordinary
783,Hakamo-o,7,Dragon,Fighting,420,55,75,90,65,70,65,Bulletproof,Soundproof,Overcoat,1.2,47,Ordinary
784,Kommo-o,7,Dragon,Fighting,600,75,110,125,100,105,85,Bulletproof,Soundproof,Overcoat,1.6,78.2,Ordinary
785,Tapu Koko,7,Electric,Fairy,570,70,115,85,95,75,130,Electric Surge,,Telepathy,1.8,20.5,Semi-Legendary
786,Tapu Lele,7,Psychic,Fairy,570,70,85,75,130,115,95,Psychic Surge,,Telepathy,1.2,18.6,Semi-Legendary
787,Tapu Bulu,7,Grass,Fairy,570,70,130,115,85,95,75,Grassy Surge,,Telepathy,1.9,45.5,Semi-Legendary
788,Tapu Fini,7,Water,Fairy,570,70,75,115,95,130,85,Misty Surge,,Telepathy,1.3,21.2,Semi-Legendary
789,Cosmog,7,Psychic,,200,43,29,31,29,31,37,Unaware,,,0.2,0.1,Legendary
790,Cosmoem,7,Psychic,,400,43,29,131,29,131,37,Sturdy,,,0.1,999.9,Legendary
791,Solgaleo,7,Psychic,Steel,680,137,137,107,113,89,97,Full Metal Body,,,3.4,230,Legendary
792,Lunala,7,Psychic,Ghost,680,137,113,89,137,107,97,Shadow Shield,,,4,120,Legendary
793,Nihilego,7,Rock,Poison,570,109,53,47,127,131,103,Beast Boost,,,1.2,55.5,Semi-Legendary
794,Buzzwole,7,Bug,Fighting,570,107,139,139,53,53,79,Beast Boost,,,2.4,333.6,Semi-Legendary
795,Pheromosa,7,Bug,Fighting,570,71,137,37,137,37,151,Beast Boost,,,1.8,25,Semi-Legendary
796,Xurkitree,7,Electric,,570,83,89,71,173,71,83,Beast Boost,,,3.8,100,Semi-Legendary
797,Celesteela,7,Steel,Flying,570,97,101,103,107,101,61,Beast Boost,,,9.2,999.9,Semi-Legendary
798,Kartana,7,Grass,Steel,570,59,181,131,59,31,109,Beast Boost,,,0.3,0.1,Semi-Legendary
799,Guzzlord,7,Dark,Dragon,570,223,101,53,97,53,43,Beast Boost,,,5.5,888,Semi-Legendary
800,Necrozma,7,Psychic,,600,97,107,101,127,89,79,Prism Armor,,,2.4,230,Legendary
801,Magearna,7,Steel,Fairy,600,80,95,115,130,115,65,Soul-Heart,,,1,80.5,Mythical
802,Marshadow,7,Fighting,Ghost,600,90,125,80,90,90,125,Technician,,,0.7,22.2,Mythical
803,Poipole,7,Poison,,420,67,73,67,73,67,73,Beast Boost,,,0.6,1.8,Semi-Legendary
804,Naganadel,7,Poison,Dragon,540,73,73,73,127,73,121,Beast Boost,,,3.6,150,Semi-Legendary
805,Stakataka,7,Rock,Steel,570,61,131,211,53,101,13,Beast Boost,,,5.5,820,Semi-Legendary
806,Blacephalon,7,Fire,Ghost,570,53,127,53,151,79,107,Beast Boost,,,1.8,13,Semi-Legendary
807,Zeraora,7,Electric,,600,88,112,75,102,80,143,Volt Absorb,,,1.5,44.5,Mythical
808,Meltan,7,Steel,,300,46,65,65,55,35,34,Magnet Pull,,,0.2,8,Mythical
809,Melmetal,7,Steel,,600,135,143,143,80,65,34,Iron Fist,,,2.5,800,Mythical
810,Grookey,8,Grass,,310,50,65,50,40,40,65,Overgrow,,Grassy Surge,0.3,5,Ordinary
811,Thwackey,8,Grass,,420,70,85,70,55,60,80,Overgrow,,Grassy Surge,0.7,14,Ordinary
812,Rillaboom,8,Grass,,530,100,125,90,60,70,85,Overgrow,,Grassy Surge,2.1,90,Ordinary
813,Scorbunny,8,Fire,,310,50,71,40,40,40,69,Blaze,,Libero,0.3,4.5,Ordinary
814,Raboot,8,Fire,,420,65,86,60,55,60,94,Blaze,,Libero,0.6,9,Ordinary
815,Cinderace,8,Fire,,530,80,116,75,65,75,119,Blaze,,Libero,1.4,33,Ordinary
816,Sobble,8,Water,,310,50,40,40,70,40,70,Torrent,,Sniper,0.3,4,Ordinary
817,Drizzile,8,Water,,420,65,60,55,95,55,90,Torrent,,Sniper,0.7,11.5,Ordinary
818,Inteleon,8,Water,,530,70,85,65,125,65,120,Torrent,,Sniper,1.9,45.2,Ordinary
819,Skwovet,8,Normal,,275,70,55,55,35,35,25,Cheek Pouch,,Gluttony,0.3,2.5,Ordinary
820,Greedent,8,Normal,,460,120,95,95,55,75,20,Cheek Pouch,,Gluttony,0.6,6,Ordinary
821,Rookidee,8,Flying,,245,38,47,35,33,35,57,Keen Eye,Unnerve,Big Pecks,0.2,1.8,Ordinary
822,Corvisquire,8,Flying,,365,68,67,55,43,55,77,Keen Eye,Unnerve,Big Pecks,0.8,16,Ordinary
823,Corviknight,8,Flying,Steel,495,98,87,105,53,85,67,Pressure,Unnerve,Mirror Armor,2.2,75,Ordinary
824,Blipbug,8,Bug,,180,25,20,20,25,45,45,Swarm,Compound Eyes,Telepathy,0.4,8,Ordinary
825,Dottler,8,Bug,Psychic,335,50,35,80,50,90,30,Swarm,Compound Eyes,Telepathy,0.4,19.5,Ordinary
826,Orbeetle,8,Bug,Psychic,505,60,45,110,80,120,90,Swarm,Frisk,Telepathy,0.4,40.8,Ordinary
827,Nickit,8,Dark,,245,40,28,28,47,52,50,Run Away,Unburden,Stakeout,0.6,8.9,Ordinary
828,Thievul,8,Dark,,455,70,58,58,87,92,90,Run Away,Unburden,Stakeout,1.2,19.9,Ordinary
829,Gossifleur,8,Grass,,250,40,40,60,40,60,10,Cotton Down,Regenerator,Effect Spore,0.4,2.2,Ordinary
830,Eldegoss,8,Grass,,460,60,50,90,80,120,60,Cotton Down,Regenerator,Effect Spore,0.5,2.5,Ordinary
831,Wooloo,8,Normal,,270,42,40,55,40,45,48,Fluffy,Run Away,Bulletproof,0.6,6,Ordinary
832,Dubwool,8,Normal,,490,72,80,100,60,90,88,Fluffy,Steadfast,Bulletproof,1.3,43,Ordinary
833,Chewtle,8,Water,,284,50,64,50,38,38,44,Strong Jaw,Shell Armor,Swift Swim,0.3,8.5,Ordinary
834,Drednaw,8,Water,Rock,485,90,115,90,48,68,74,Strong Jaw,Shell Armor,Swift Swim,1,115.5,Ordinary
835,Yamper,8,Electric,,270,59,45,50,40,50,26,Ball Fetch,,Rattled,0.3,13.5,Ordinary
836,Boltund,8,Electric,,490,69,90,60,90,60,121,Strong Jaw,,Competitive,1,34,Ordinary
837,Rolycoly,8,Rock,,240,30,40,50,40,50,30,Steam Engine,Heatproof,Flash Fire,0.3,12,Ordinary
838,Carkol,8,Rock,Fire,410,80,60,90,60,70,50,Steam Engine,Flame Body,Flash Fire,1.1,78,Ordinary
839,Coalossal,8,Rock,Fire,510,110,80,120,80,90,30,Steam Engine,Flame Body,Flash Fire,2.8,310.5,Ordinary
840,Applin,8,Grass,Dragon,260,40,40,80,40,40,20,Ripen,Gluttony,Bulletproof,0.2,0.5,Ordinary
841,Flapple,8,Grass,Dragon,485,70,110,80,95,60,70,Ripen,Gluttony,Hustle,0.3,1,Ordinary
842,Appletun,8,Grass,Dragon,485,110,85,80,100,80,30,Ripen,Gluttony,Thick Fat,0.4,13,Ordinary
843,Silicobra,8,Ground,,315,52,57,75,35,50,46,Sand Spit,Shed Skin,Sand Veil,2.2,7.6,Ordinary
844,Sandaconda,8,Ground,,510,72,107,125,65,70,71,Sand Spit,Shed Skin,Sand Veil,3.8,65.5,Ordinary
845,Cramorant,8,Flying,Water,475,70,85,55,85,95,85,Gulp Missile,,,0.8,18,Ordinary
846,Arrokuda,8,Water,,280,41,63,40,40,30,66,Swift Swim,,Propeller Tail,0.5,1,Ordinary
847,Barraskewda,8,Water,,490,61,123,60,60,50,136,Swift Swim,,Propeller Tail,1.3,30,Ordinary
848,Toxel,8,Electric,Poison,242,40,38,35,54,35,40,Rattled,Static,Klutz,0.4,11,Ordinary
849,Toxtricity,8,Electric,Poison,502,75,98,70,114,70,75,Punk Rock,Plus,Technician,1.6,40,Ordinary
850,Sizzlipede,8,Fire,Bug,305,50,65,45,50,50,45,Flash Fire,White Smoke,Flame Body,0.7,1,Ordinary
851,Centiskorch,8,Fire,Bug,525,100,115,65,90,90,65,Flash Fire,White Smoke,Flame Body,3,120,Ordinary
852,Clobbopus,8,Fighting,,310,50,68,60,50,50,32,Limber,,Technician,0.6,4,Ordinary
853,Grapploct,8,Fighting,,480,80,118,90,70,80,42,Limber,,Technician,1.6,39,Ordinary
854,Sinistea,8,Ghost,,308,40,45,45,74,54,50,Weak Armor,,Cursed Body,0.1,0.2,Ordinary
855,Polteageist,8,Ghost,,508,60,65,65,134,114,70,Weak Armor,,Cursed Body,0.2,0.4,Ordinary
856,Hatenna,8,Psychic,,265,42,30,45,56,53,39,Healer,Anticipation,Magic Bounce,0.4,3.4,Ordinary
857,Hattrem,8,Psychic,,370,57,40,65,86,73,49,Healer,Anticipation,Magic Bounce,0.6,4.8,Ordinary
858,Hatterene,8,Psychic,Fairy,510,57,90,95,136,103,29,Healer,Anticipation,Magic Bounce,2.1,5.1,Ordinary
859,Impidimp,8,Dark,Fairy,265,45,45,30,55,40,50,Prankster,Frisk,Pickpocket,0.4,5.5,Ordinary
860,Morgrem,8,Dark,Fairy,370,65,60,45,75,55,70,Prankster,Frisk,Pickpocket,0.8,12.5,Ordinary
861,Grimmsnarl,8,Dark,Fairy,510,95,120,65,95,75,60,Prankster,Frisk,Pickpocket,1.5,61,Ordinary
862,Obstagoon,8,Dark,Normal,520,93,90,101,60,81,95,Reckless,Guts,Defiant,1.6,46,Ordinary
863,Perrserker,8,Steel,,440,70,110,100,50,60,50,Battle Armor,Tough Claws,Steely Spirit,0.8,28,Ordinary
864,Cursola,8,Ghost,,510,60,95,50,145,130,30,Weak Armor,,Perish Body,1,0.4,Ordinary
865,Sirfetch'd,8,Fighting,,507,62,135,95,68,82,65,Steadfast,,Scrappy,0.8,117,Ordinary
866,Mr. Rime,8,Ice,Psychic,520,80,85,75,110,100,70,Tangled Feet,Screen Cleaner,Ice Body,1.5,58.2,Ordinary
867,Runerigus,8,Ground,Ghost,483,58,95,145,50,105,30,Wandering Spirit,,,1.6,66.6,Ordinary
868,Milcery,8,Fairy,,270,45,40,40,50,61,34,Sweet Veil,,Aroma Veil,0.2,0.3,Ordinary
869,Alcremie,8,Fairy,,495,65,60,75,110,121,64,Sweet Veil,,Aroma Veil,0.3,0.5,Ordinary
870,Falinks,8,Fighting,,470,65,100,100,70,60,75,Battle Armor,,Defiant,3,62,Ordinary
871,Pincurchin,8,Electric,,435,48,101,95,91,85,15,Lightning Rod,,Electric Surge,0.3,1,Ordinary
872,Snom,8,Ice,Bug,185,30,25,35,45,30,20,Shield Dust,,Ice Scales,0.3,3.8,Ordinary
873,Frosmoth,8,Ice,Bug,475,70,65,60,125,90,65,Shield Dust,,Ice Scales,1.3,42,Ordinary
874,Stonjourner,8,Rock,,470,100,125,135,20,20,70,Power Spot,,,2.5,520,Ordinary
875,Eiscue,8,Ice,,470,75,80,110,65,90,50,Ice Face,,,1.4,89,Ordinary
876,Indeedee,8,Psychic,Normal,475,60,65,55,105,95,95,Inner Focus,Synchronize,Psychic Surge,0.9,28,Ordinary
877,Morpeko,8,Electric,Dark,436,58,95,58,70,58,97,Hunger Switch,,,0.3,3,Ordinary
878,Cufant,8,Steel,,330,72,80,49,40,49,40,Sheer Force,,Heavy Metal,1.2,100,Ordinary
879,Copperajah,8,Steel,,500,122,130,69,80,69,30,Sheer Force,,Heavy Metal,3,650,Ordinary
880,Dracozolt,8,Electric,Dragon,505,90,100,90,80,70,75,Volt Absorb,Hustle,Sand Rush,1.8,190,Ordinary
881,Arctozolt,8,Electric,Ice,505,90,100,90,90,80,55,Volt Absorb,Static,Slush Rush,2.3,150,Ordinary
882,Dracovish,8,Water,Dragon,505,90,90,100,70,80,75,Water Absorb,Strong Jaw,Sand Rush,2.3,215,Ordinary
883,Arctovish,8,Water,Ice,505,90,90,100,80,90,55,Water Absorb,Ice Body,Slush Rush,2,175,Ordinary
884,Duraludon,8,Steel,Dragon,535,70,95,115,120,50,85,Light Metal,Heavy Metal,Stalwart,1.8,40,Ordinary
885,Dreepy,8,Dragon,Ghost,270,28,60,30,40,30,82,Clear Body,Infiltrator,Cursed Body,0.5,2,Ordinary
886,Drakloak,8,Dragon,Ghost,410,68,80,50,60,50,102,Clear Body,Infiltrator,Cursed Body,1.4,11,Ordinary
887,Dragapult,8,Dragon,Ghost,600,88,120,75,100,75,142,Clear Body,Infiltrator,Cursed Body,3,50,Ordinary
888,Zacian,8,Fairy,,660,92,120,115,80,115,138,Intrepid Sword,,,2.8,110,Legendary
889,Zamazenta,8,Fighting,,660,92,120,115,80,115,138,Dauntless Shield,,,2.9,210,Legendary
890,Eternatus,8,Poison,Dragon,690,140,85,95,145,95,130,Pressure,,,20,950,Legendary
891,Kubfu,8,Fighting,,385,60,90,60,53,50,72,Inner Focus,,No Guard,0.6,12,Semi-Legendary
892,Urshifu,8,Fighting,Dark,550,100,130,100,63,60,97,Unseen Fist,,,1.9,105,Semi-Legendary
893,Zarude,8,Dark,Grass,600,105,120,105,70,95,105,Leaf Guard,,,1.8,70,Mythical
894,Regieleki,8,Electric,,580,80,100,50,100,50,200,Transistor,,,1.2,145,Semi-Legendary
895,Regidrago,8,Dragon,,580,200,100,50,100,50,80,Dragon's Maw,,,2.1,200,Semi-Legendary
896,Glastrier,8,Ice,,580,100,145,130,65,110,30,Chilling Neigh,,,2.2,800,Semi-Legendary
897,Spectrier,8,Ghost,,580,100,65,60,145,80,130,Grim Neigh,,,2,44.5,Semi-Legendary
898,Calyrex,8,Psychic,Grass,500,100,80,80,80,80,80,Unnerve,,,1.1,7.7,Legendary
899,Wyrdeer,8,Normal,Psychic,525,103,105,72,105,75,65,Intimidate,Frisk,Sap Sipper,1.8,95.1,Ordinary
900,Kleavor,8,Bug,Rock,500,70,130,95,45,75,85,Swarm,Sheer Force,Sharpness,1.8,89,Ordinary
901,Ursaluna,8,Ground,Normal,550,130,140,105,45,80,50,Guts,Bulletproof,Unnerve,2.4,290,Ordinary
902,Basculegion,8,Water,Ghost,530,120,112,65,80,75,78,Swift Swim,Adaptability,Mold Breaker,3,110,Ordinary
903,Sneasler,8,Fighting,Poison,510,80,130,60,40,80,120,Pressure,Unburden,Poison Touch,1.3,43,Ordinary
904,Overqwil,8,Dark,Poison,510,85,115,95,65,65,85,Poison Point,Swift Swim,Intimidate,2.5,60.5,Ordinary
905,Enamorus,8,Fairy,Flying,580,74,115,70,135,80,106,Cute Charm,,Contrary,1.6,48,Semi-Legendary
906,Sprigatito,9,Grass,,310,40,61,54,45,45,65,Overgrow,,Protean,0.4,4.1,Ordinary
907,Floragato,9,Grass,,410,61,80,63,60,63,83,Overgrow,,Protean,0.9,12.2,Ordinary
908,Meowscarada,9,Grass,Dark,530,76,110,70,81,70,123,Overgrow,,Protean,1.5,31.2,Ordinary
909,Fuecoco,9,Fire,,310,67,45,59,63,40,36,Blaze,,Unaware,0.4,9.8,Ordinary
910,Crocalor,9,Fire,,411,81,55,78,90,58,49,Blaze,,Unaware,1,30.7,Ordinary
911,Skeledirge,9,Fire,Ghost,530,104,75,100,110,75,66,Blaze,,Unaware,1.6,326.5,Ordinary
912,Quaxly,9,Water,,310,55,65,45,50,45,50,Torrent,,Moxie,0.5,6.1,Ordinary
913,Quaxwell,9,Water,,410,70,85,65,65,60,65,Torrent,,Moxie,1.2,21.5,Ordinary
914,Quaquaval,9,Water,Fighting,530,85,120,80,85,75,85,Torrent,,Moxie,1.8,61.9,Ordinary
915,Lechonk,9,Normal,,254,54,45,40,35,45,35,Aroma Veil,Gluttony,Thick Fat,0.5,10.2,Ordinary
916,Oinkologne,9,Normal,,489,110,100,75,59,80,65,Lingering Aroma,Gluttony,Thick Fat,1,120,Ordinary
917,Tarountula,9,Bug,,210,35,41,45,29,40,20,Insomnia,,Stakeout,0.3,4,Ordinary
918,Spidops,9,Bug,,404,60,79,92,52,86,35,Insomnia,,Stakeout,1,16.5,Ordinary
919,Nymble,9,Bug,,210,33,46,40,21,25,45,Swarm,,Tinted Lens,0.2,1,Ordinary
920,Lokix,9,Bug,Dark,450,71,102,78,52,55,92,Swarm,,Tinted Lens,1,17.5,Ordinary
921,Pawmi,9,Electric,,240,45,50,20,40,25,60,Static,Natural Cure,Iron Fist,0.3,2.5,Ordinary
922,Pawmo,9,Electric,Fighting,350,60,75,40,50,40,85,Volt Absorb,Natural Cure,Iron Fist,0.4,6.5,Ordinary
923,Pawmot,9,Electric,Fighting,490,70,115,70,70,60,105,Volt Absorb,Natural Cure,Iron Fist,0.9,41,Ordinary
924,Tandemaus,9,Normal,,305,50,50,45,40,45,75,Run Away,Pickup,Own Tempo,0.3,1.8,Ordinary
925,Maushold,9,Normal,,470,74,75,70,65,75,111,Friend Guard,Cheek Pouch,Technician,0.3,2.3,Ordinary
926,Fidough,9,Fairy,,312,37,55,70,30,55,65,Own Tempo,,Klutz,0.3,10.9,Ordinary
927,Dachsbun,9,Fairy,,477,57,80,115,50,80,95,Well-Baked Body,,Aroma Veil,0.5,14.9,Ordinary
928,Smoliv,9,Grass,Normal,260,41,35,45,58,51,30,Early Bird,,Harvest,0.3,6.5,Ordinary
929,Dolliv,9,Grass,Normal,354,52,53,60,78,78,33,Early Bird,,Harvest,0.6,11.9,Ordinary
930,Arboliva,9,Grass,Normal,510,78,69,90,125,109,39,Seed Sower,,Harvest,1.4,48.2,Ordinary
931,Squawkabilly,9,Normal,Flying,417,82,96,51,45,51,92,Intimidate,Guts,Guts,0.6,2.4,Ordinary
932,Nacli,9,Rock,,280,55,55,75,35,35,25,Purifying Salt,Sturdy,Clear Body,0.4,16,Ordinary
933,Naclstack,9,Rock,,355,60,60,100,35,65,35,Purifying Salt,Sturdy,Clear Body,0.6,105,Ordinary
934,Garganacl,9,Rock,,500,100,100,130,45,90,35,Purifying Salt,Sturdy,Clear Body,2.3,240,Ordinary
935,Charcadet,9,Fire,,255,40,50,40,50,40,35,Flash Fire,,Flame Body,0.6,10.5,Ordinary
936,Armarouge,9,Fire,Psychic,525,85,60,100,125,80,75,Flash Fire,,Weak Armor,1.5,85,Ordinary
937,Ceruledge,9,Fire,Ghost,525,75,125,80,60,100,85,Flash Fire,,Weak Armor,1.6,62,Ordinary
938,Tadbulb,9,Electric,,272,61,31,41,59,35,45,Own Tempo,Static,Damp,0.3,0.4,Ordinary
939,Bellibolt,9,Electric,,495,109,64,91,103,83,45,Electromorphosis,Static,Damp,1.2,113,Ordinary
940,Wattrel,9,Electric,Flying,280,40,40,35,55,40,70,Wind Power,Volt Absorb,Competitive,0.4,3.6,Ordinary
941,Kilowattrel,9,Electric,Flying,490,70,70,60,105,60,125,Wind Power,Volt Absorb,Competitive,1.4,38.6,Ordinary
942,Maschiff,9,Dark,,340,60,78,60,40,51,51,Intimidate,Run Away,Stakeout,0.5,16,Ordinary
943,Mabosstiff,9,Dark,,505,80,120,90,60,70,85,Intimidate,Guard Dog,Stakeout,1.1,61,Ordinary
944,Shroodle,9,Poison,Normal,290,40,65,35,40,35,75,Unburden,Pickpocket,Prankster,0.2,0.7,Ordinary
945,Grafaiai,9,Poison,Normal,485,63,95,65,80,72,110,Unburden,Poison Touch,Prankster,0.7,27.2,Ordinary
946,Bramblin,9,Grass,Ghost,275,40,65,30,45,35,60,Wind Rider,,Infiltrator,0.6,0.6,Ordinary
947,Brambleghast,9,Grass,Ghost,480,55,115,70,80,70,90,Wind Rider,,Infiltrator,1.2,6,Ordinary
948,Toedscool,9,Ground,Grass,335,40,40,35,50,100,70,Mycelium Might,,,0.9,33,Ordinary
949,Toedscruel,9,Ground,Grass,515,80,70,65,80,120,100,Mycelium Might,,,1.9,58,Ordinary
950,Klawf,9,Rock,,450,70,100,115,35,55,75,Anger Shell,Shell Armor,Regenerator,1.3,79,Ordinary
951,Capsakid,9,Grass,,304,50,62,40,62,40,50,Chlorophyll,Insomnia,Klutz,0.3,3,Ordinary
952,Scovillain,9,Grass,Fire,486,65,108,65,108,65,75,Chlorophyll,Insomnia,Moody,0.9,15,Ordinary
953,Rellor,9,Bug,,270,41,50,60,31,58,30,Compound Eyes,,Shed Skin,0.2,1,Ordinary
954,Rabsca,9,Bug,Psychic,470,75,50,85,115,100,45,Synchronize,,Telepathy,0.3,3.5,Ordinary
955,Flittle,9,Psychic,,255,30,35,30,55,30,75,Anticipation,Frisk,Speed Boost,0.2,1.5,Ordinary
956,Espathra,9,Psychic,,481,95,60,60,101,60,105,Opportunist,Frisk,Speed Boost,1.9,90,Ordinary
957,Tinkatink,9,Fairy,Steel,297,50,45,45,35,64,58,Mold Breaker,Own Tempo,Pickpocket,0.4,8.9,Ordinary
958,Tinkatuff,9,Fairy,Steel,380,65,55,55,45,82,78,Mold Breaker,Own Tempo,Pickpocket,0.7,59.1,Ordinary
959,Tinkaton,9,Fairy,Steel,506,85,75,77,70,105,94,Mold Breaker,Own Tempo,Pickpocket,0.7,112.8,Ordinary
960,Wiglett,9,Water,,245,10,55,25,35,25,95,Gooey,Rattled,Sand Veil,1.2,1.8,Ordinary
961,Wugtrio,9,Water,,425,35,100,50,50,70,120,Gooey,Rattled,Sand Veil,1.2,5.4,Ordinary
962,Bombirdier,9,Flying,Dark,485,70,103,85,60,85,82,Big Pecks,Keen Eye,Rocky Payload,1.5,42.9,Ordinary
963,Finizen,9,Water,,315,70,45,40,45,40,75,Water Veil,,,1.3,60.2,Ordinary
964,Palafin,9,Water,,457,100,70,72,53,62,100,Zero to Hero,,,1.3,60.2,Ordinary
965,Varoom,9,Steel,Poison,300,45,70,63,30,45,47,Overcoat,,Slow Start,1,35,Ordinary
966,Revavroom,9,Steel,Poison,500,80,119,90,54,67,90,Overcoat,,Filter,1.8,120,Ordinary
967,Cyclizar,9,Dragon,Normal,501,70,95,65,85,65,121,Shed Skin,,Regenerator,1.6,63,Ordinary
968,Orthworm,9,Steel,,480,70,85,145,60,55,65,Earth Eater,,Sand Veil,2.5,310,Ordinary
969,Glimmet,9,Rock,Poison,350,48,35,42,105,60,60,Toxic Debris,,Corrosion,0.7,8,Ordinary
970,Glimmora,9,Rock,Poison,525,83,55,90,130,81,86,Toxic Debris,,Corrosion,1.5,45,Ordinary
971,Greavard,9,Ghost,,290,50,61,60,30,55,34,Pickup,,Fluffy,0.6,35,Ordinary
972,Houndstone,9,Ghost,,488,72,101,100,50,97,68,Sand Rush,,Fluffy,2,15,Ordinary
973,Flamigo,9,Flying,Fighting,500,82,115,74,75,64,90,Scrappy,Tangled Feet,Costar,1.6,37,Ordinary
974,Cetoddle,9,Ice,,334,108,68,45,30,40,43,Thick Fat,Snow Cloak,Sheer Force,1.2,45,Ordinary
975,Cetitan,9,Ice,,521,170,113,65,45,55,73,Thick Fat,Slush Rush,Sheer Force,4.5,700,Ordinary
976,Veluza,9,Water,Psychic,478,90,102,73,78,65,70,Mold Breaker,,Sharpness,2.5,90,Ordinary
977,Dondozo,9,Water,,530,150,100,115,65,65,35,Unaware,Oblivious,Water Veil,12,220,Ordinary
978,Tatsugiri,9,Dragon,Water,475,68,50,60,120,95,82,Commander,,Storm Drain,0.3,8,Ordinary
979,Annihilape,9,Fighting,Ghost,535,110,115,80,50,90,90,Vital Spirit,Inner Focus,Defiant,1.2,56,Ordinary
980,Clodsire,9,Poison,Ground,430,130,75,60,45,100,20,Poison Point,Water Absorb,Unaware,1.8,223,Ordinary
981,Farigiraf,9,Normal,Psychic,520,120,90,70,110,70,60,Cud Chew,Armor Tail,Sap Sipper,3.2,160,Ordinary
982,Dudunsparce,9,Normal,,520,125,100,80,85,75,55,Serene Grace,Run Away,Rattled,3.6,39.2,Ordinary
983,Kingambit,9,Dark,Steel,550,100,135,120,60,85,50,Defiant,Supreme Overlord,Pressure,2,120,Ordinary
984,Great Tusk,9,Ground,Fighting,570,115,131,131,53,53,87,Protosynthesis,,,2.2,320,Semi-Legendary
985,Scream Tail,9,Fairy,Psychic,570,115,65,99,65,115,111,Protosynthesis,,,1.2,8,Semi-Legendary
986,Brute Bonnet,9,Grass,Dark,570,111,127,99,79,99,55,Protosynthesis,,,1.2,21,Semi-Legendary
987,Flutter Mane,9,Ghost,Fairy,570,55,55,55,135,135,135,Protosynthesis,,,1.4,4,Semi-Legendary
988,Slither Wing,9,Bug,Fighting,570,85,135,79,85,105,81,Protosynthesis,,,3.2,92,Semi-Legendary
989,Sandy Shocks,9,Electric,Ground,570,85,81,97,121,85,101,Protosynthesis,,,2.3,60,Semi-Legendary
990,Iron Treads,9,Ground,Steel,570,90,112,120,72,70,106,Quark Drive,,,0.9,240,Semi-Legendary
991,Iron Bundle,9,Ice,Water,570,56,80,114,124,60,136,Quark Drive,,,0.6,11,Semi-Legendary
992,Iron Hands,9,Fighting,Electric,570,154,140,108,50,68,50,Quark Drive,,,1.8,380.7,Semi-Legendary
993,Iron Jugulis,9,Dark,Flying,570,94,80,86,122,80,108,Quark Drive,,,1.3,111,Semi-Legendary
994,Iron Moth,9,Fire,Poison,570,80,70,60,140,110,110,Quark Drive,,,1.2,36,Semi-Legendary
995,Iron Thorns,9,Rock,Electric,570,100,134,110,70,84,72,Quark Drive,,,1.6,303,Semi-Legendary
996,Frigibax,9,Dragon,Ice,320,65,75,45,35,45,55,Thermal Exchange,,Ice Body,0.5,17,Ordinary
997,Arctibax,9,Dragon,Ice,423,90,95,66,45,65,62,Thermal Exchange,,Ice Body,0.8,30,Ordinary
998,Baxcalibur,9,Dragon,Ice,600,115,145,92,75,86,87,Thermal Exchange,,Ice Body,2.1,210,Ordinary
999,Gimmighoul,9,Ghost,,300,45,30,70,75,70,10,Rattled,,,0.3,5,Ordinary
1000,Gholdengo,9,Steel,Ghost,550,87,60,95,133,91,84,Good as Gold,,,1.2,30,Ordinary
1001,Wo-Chien,9,Dark,Grass,570,85,85,100,95,135,70,Tablets of Ruin,,,1.5,74.2,Semi-Legendary
1002,Chien-Pao,9,Dark,Ice,570,80,120,80,90,65,135,Sword of Ruin,,,1.9,152.2,Semi-Legendary
1003,Ting-Lu,9,Dark,Ground,570,155,110,125,55,80,45,Vessel of Ruin,,,2.7,699.7,Semi-Legendary
1004,Chi-Yu,9,Dark,Fire,570,55,80,80,135,120,100,Beads of Ruin,,,0.4,4.9,Semi-Legendary
1005,Roaring Moon,9,Dragon,Dark,590,105,139,71,55,101,119,Protosynthesis,,,2,380,Semi-Legendary
1006,Iron Valiant,9,Fairy,Fighting,590,74,130,90,120,60,116,Quark Drive,,,1.4,35,Semi-Legendary
1007,Koraidon,9,Fighting,Dragon,670,100,135,115,85,100,135,Orichalcum Pulse,,,2.5,303,Legendary
1008,Miraidon,9,Electric,Dragon,670,100,85,100,135,115,135,Hadron Engine,,,3.5,240,Legendary
1009,Walking Wake,9,Water,Dragon,590,99,83,91,125,83,109,Protosynthesis,,,3.5,280,Semi-Legendary
1010,Iron Leaves,9,Grass,Psychic,590,90,130,88,70,108,104,Quark Drive,,,1.5,125,Semi-Legendary
